trade_date,ts_code,open,high,low,close,volume
2024-01-02,688981.SH,51.2196302162528,51.35367759562663,51.212472116241386,51.34411553710678,14644763
2024-01-03,688981.SH,51.523243049477855,51.51294013541803,51.12692994950832,51.464478258464375,18951041
2024-01-04,688981.SH,51.84318728334255,51.82632499427528,51.31911821637803,51.793951556718454,9810584
2024-01-05,688981.SH,52.97239166118565,53.24962076262948,52.643175299790165,52.89081531405404,33757952
2024-01-08,688981.SH,53.50798237324079,53.889965399469176,52.592522680610955,53.70822153899893,40140681
2024-01-09,688981.SH,54.23106031667293,54.464787600644485,54.25875378784076,54.29799535317083,44727182
2024-01-10,688981.SH,53.87330366059819,54.272482554966544,53.82428078734806,53.95564055466204,25278956
2024-01-11,688981.SH,53.21600408399363,53.279689008859684,52.979599624958055,53.001621840433586,29297581
2024-01-12,688981.SH,53.37080115747024,53.4720884039808,53.12708490131693,53.38840320725993,26435403
2024-01-15,688981.SH,52.842216772331795,53.01291805851168,52.879399385982005,52.9251305018583,28783432
2024-01-16,688981.SH,53.596558007163225,53.815379353393624,53.66143990213921,53.74596048334808,27981053
2024-01-17,688981.SH,53.97545192859738,54.33383785902432,53.89758494808838,53.97770497359717,5672918
2024-01-18,688981.SH,53.47457839722085,53.44434625889057,52.82008673490009,53.28504936577614,20687516
2024-01-19,688981.SH,53.31579251456522,53.67247266055524,53.00775634990502,53.56923057740096,1751253
2024-01-22,688981.SH,54.3011362412541,54.74866194714054,53.93316395122989,54.28457384890763,43409819
2024-01-23,688981.SH,54.56703693909147,54.62463996507028,54.24628536941887,54.48554610928205,16818903
2024-01-24,688981.SH,54.071227443081185,53.998697004669516,53.59524346205449,53.75029813704042,6024579
2024-01-25,688981.SH,54.140585634261214,54.127316202692484,53.60861942142019,54.031712122535566,1980621
2024-01-26,688981.SH,54.62759073417714,54.99047403242978,54.26601397223025,54.407236363713274,14003552
2024-01-29,688981.SH,55.25324442765778,55.63870216682958,55.10348775177585,55.248121464356736,19551424
2024-01-30,688981.SH,55.76116618569699,56.44762802045974,55.82329095192615,55.99883902269003,26501804
2024-01-31,688981.SH,54.878923270696546,55.19944419886174,54.90409628371476,55.11832971533478,15371292
2024-02-01,688981.SH,54.53279464987123,55.12546208454651,54.565631711743755,54.65400186625742,37137811
2024-02-02,688981.SH,55.30100298110279,55.3078125513896,55.21890473291832,55.280779231334954,23798146
2024-02-05,688981.SH,53.59483844415876,54.01257270488657,53.28309016929305,53.643862336500035,39131355
2024-02-06,688981.SH,54.34748022327364,55.137323531012804,53.91979763503343,54.42682719113652,9462948
2024-02-07,688981.SH,53.92857327782194,53.87616204707683,53.571917613253824,53.63742656458146,26020174
2024-02-08,688981.SH,52.87010830607679,53.52186118513194,52.83236618978167,53.25837768436921,17536073
2024-02-09,688981.SH,54.51138406271786,55.15996834480287,54.398579064522735,54.68750406434902,34821395
2024-02-12,688981.SH,55.04451634873327,54.686258392006486,54.37992061385375,54.651384402258586,3241442
2024-02-13,688981.SH,54.430614106257764,54.58139266459374,53.77857211924703,54.38240814331977,33854331
2024-02-14,688981.SH,54.57231529471029,55.169570002511165,54.23473781340428,54.6859137346513,2586652
2024-02-15,688981.SH,54.43260368538903,55.03223027240131,54.431583499272875,54.62082113309307,43407165
2024-02-16,688981.SH,54.16501868112961,54.29215227007573,53.266239074917834,54.035907923170114,35169287
2024-02-19,688981.SH,54.41894091144957,54.69167243827274,54.02701657229236,54.30662478647037,26979259
2024-02-20,688981.SH,56.60016559213145,56.889845961402784,56.34873132573788,56.46433274389594,14211522
2024-02-21,688981.SH,57.20742722681726,57.5725995214475,57.35704473894469,57.43549621692562,27158141
2024-02-22,688981.SH,57.9397934742292,58.079362229875414,57.61947661610814,57.918961406049576,9510926
2024-02-23,688981.SH,58.1752372461744,58.41031803601891,57.779898606484466,58.216914059923255,49031277
2024-02-26,688981.SH,59.16482715510142,59.29366275760891,58.67972117331693,59.08848908804366,17598713
2024-02-27,688981.SH,59.490441641122544,60.1120148377286,59.711695816800166,59.78589249857985,10959737
2024-02-28,688981.SH,59.00355149721337,59.12413790565397,58.574296907297345,58.9004352917061,45473578
2024-02-29,688981.SH,59.743703005872305,59.54433923649728,59.29386435490982,59.47021057328943,8062591
2024-03-01,688981.SH,59.306046218412305,59.96150872351902,58.433424834692566,59.55592619455325,10604676
2024-03-04,688981.SH,61.61471486916649,62.31698043436525,61.43238905887089,61.45475588531155,26927092
2024-03-05,688981.SH,61.56015244205158,61.57064943499192,61.00545807500478,61.252328119496724,20573906
2024-03-06,688981.SH,62.84515032943854,62.806893143152536,62.6067132688498,62.679445515642605,14034415
2024-03-07,688981.SH,61.40849546274514,62.05730637188979,60.970287015226276,61.41973767712122,15746883
2024-03-08,688981.SH,61.819829484980374,62.053094224952176,61.76679088680228,61.797547065789246,11612548
2024-03-11,688981.SH,60.94163731062272,61.67472739704355,60.98267493453438,61.0417305888552,10186617
2024-03-12,688981.SH,60.153759701625155,60.315202203654906,60.099911799529984,60.115332157183076,32953209
2024-03-13,688981.SH,60.80753590439228,61.019978331560395,60.81888213182279,61.00163876549548,40688711
2024-03-14,688981.SH,59.969952748092005,60.26188180995325,59.87731142135981,59.961588072129466,12899433
2024-03-15,688981.SH,59.6885654256301,60.255118750240776,59.33784354328926,59.84262413807474,13888654
2024-03-18,688981.SH,58.85923795634987,59.38335523100553,59.050382459370084,59.12078020516728,1110806
2024-03-19,688981.SH,59.8432437106668,59.59358724325169,59.55074618122653,59.573393055089305,19265233
2024-03-20,688981.SH,59.56360623859362,60.65879096678171,58.86620468421277,59.90177786424557,42230042
2024-03-21,688981.SH,57.952763048186206,57.86369286793466,57.39337885998896,57.64134616966613,39596080
2024-03-22,688981.SH,58.015510970643476,58.41687040639222,57.962131416923796,58.402769032187194,32276241
2024-03-25,688981.SH,57.95796092386041,58.011917096466405,57.56315578004211,57.794540494757165,36590148
2024-03-26,688981.SH,59.984855212787416,60.1179226621139,59.77483089863545,59.95143349610655,39411644
2024-03-27,688981.SH,60.643590235471194,61.0099750337088,60.551389950669005,60.94374060467093,7248818
2024-03-28,688981.SH,61.936877335611,62.28647823089574,61.90941060216102,62.033271640665824,43783009
2024-03-29,688981.SH,59.30601289189399,59.79236141105098,59.35812834287078,59.49099287884238,36835144
2024-04-01,688981.SH,61.2510631690795,61.479549489783736,60.60954949662666,61.429596777167816,18967804
2024-04-02,688981.SH,61.69867159904789,61.57253043567401,61.128036360708144,61.5345771671731,49855935
2024-04-03,688981.SH,59.92544870693432,60.96815199601543,59.66158042235026,60.14108735154855,40572794
2024-04-04,688981.SH,60.17744304182048,60.84718562515752,60.48289573295897,60.53207937439571,13659605
2024-04-05,688981.SH,62.20422263960364,62.22369587343894,61.59089382394451,61.994766911446774,22331097
2024-04-08,688981.SH,60.398351875180765,60.62014542281329,60.32706823070089,60.32751655830635,6275860
2024-04-09,688981.SH,61.53027667458743,61.88931830563109,61.479207289410155,61.53050384056758,25177910
2024-04-10,688981.SH,61.18276442813887,61.4158754909842,60.889440097128364,61.23614801680488,8360264
2024-04-11,688981.SH,60.81177959920681,61.24657940229297,60.66745775454499,60.68392955105709,26791716
2024-04-12,688981.SH,60.35723662953411,60.57674023015313,60.24724308335151,60.289644566931145,10366230
2024-04-15,688981.SH,59.451035372113004,59.50119875127469,59.109117942050325,59.47226133913475,26497193
2024-04-16,688981.SH,59.62954991877769,60.177355570515765,59.494961417267945,59.73738279740351,43399162
2024-04-17,688981.SH,60.25177839123565,60.2332107776359,60.01353909692829,60.05539440997596,30477054
2024-04-18,688981.SH,61.49216621716139,61.55753020539886,60.977394477112774,61.22168101202304,28917694
2024-04-19,688981.SH,62.89492690581456,62.98116158511783,62.52911211263025,62.80543350484531,19710223
2024-04-22,688981.SH,63.07613623485574,62.60363526318833,62.26286465763072,62.50685881591791,4230898
2024-04-23,688981.SH,63.80256976876677,64.21889071780372,63.461193316751626,63.758725890183484,28380133
2024-04-24,688981.SH,62.55869538910603,62.8533559658984,62.3938166444295,62.52338756306799,3884450
2024-04-25,688981.SH,63.57536573031008,64.05830194120087,62.82217412925665,63.282686147269175,49516218
2024-04-26,688981.SH,62.182570864513,62.30338868617385,62.0117058534771,62.12673777031252,38671058
2024-04-29,688981.SH,61.61697710287936,62.31549670263683,61.48767551828485,61.56779242328652,28599222
2024-04-30,688981.SH,62.210314782770574,62.75432575792031,61.52262739271831,62.27782627051187,46042267
2024-05-01,688981.SH,61.616824808700684,62.141012476669815,61.128885659395095,61.52683211778264,32766412
2024-05-02,688981.SH,61.7916809270483,62.419154540788206,61.984462632969475,62.109758135419725,37454899
2024-05-03,688981.SH,60.4571901980529,60.753706928419064,60.345265826377855,60.59167285671742,43092061
2024-05-06,688981.SH,59.69183495229592,59.89147011378082,59.69416035603196,59.888802344317924,8352667
2024-05-07,688981.SH,60.09583591278259,60.8791998522607,60.275530212825444,60.498450170191155,5222714
2024-05-08,688981.SH,62.3649095535796,62.20239919840398,61.9587186048014,62.1582841746384,32020176
2024-05-09,688981.SH,60.89559656615389,61.307561856331034,60.42702037231103,60.957035419171866,24244148
2024-05-10,688981.SH,62.54035432475395,63.07544097452608,62.46216937966767,62.70859878223879,43276505
2024-05-13,688981.SH,63.116489834951054,63.227121586498455,62.458229055405134,63.043594652934054,14078725
2024-05-14,688981.SH,65.38750890168714,65.92024014921284,65.28361762343872,65.63645748828502,44450059
2024-05-15,688981.SH,65.51378063366944,65.8945096020267,65.14834053646372,65.33500974965523,18734289
2024-05-16,688981.SH,65.08226234970324,65.02364805182107,64.77947707561303,64.80419336457564,36153529
2024-05-17,688981.SH,64.93371796220787,65.74293978694836,64.92337194324942,65.217921629682,5082500
2024-05-20,688981.SH,64.27231913725942,64.46824600671475,63.4518214308832,64.04044796850523,28461052
2024-05-21,688981.SH,64.26510384456967,64.3561664291228,64.19202624047858,64.22489433159132,33519866
2024-05-22,688981.SH,64.41804622615545,64.29472695562197,63.88535136448872,64.196026106594,3429288
2024-05-23,688981.SH,65.78390729613335,66.1669199140326,64.90783319905529,65.74390613733298,44693281
2024-05-24,688981.SH,66.0115107336485,66.72887320401696,65.59913451937668,66.18160203447512,48064561
2024-05-27,688981.SH,64.47422056848669,65.28968877174572,64.76917706416685,64.78897275336375,34090438
2024-05-28,688981.SH,63.14781634728267,63.5696651224721,62.998596084703394,63.36216457240774,47596166
2024-05-29,688981.SH,62.25446471177521,62.601399813591975,62.32529936241381,62.34957894914987,6799734
2024-05-30,688981.SH,60.37395430463657,60.193741528572446,59.74256711484653,60.180309191265756,28006129
2024-05-31,688981.SH,58.11074465487409,58.32837716558358,57.76546524297153,57.99808464882218,14418453
2024-06-03,688981.SH,60.28031493305841,60.40940894790057,60.130685906306866,60.224428796924435,19471415
2024-06-04,688981.SH,59.65645457002382,59.446517945117485,59.20919373049092,59.39055652416078,8597098
2024-06-05,688981.SH,60.44507210396185,60.90106584821241,60.5020602883806,60.785430663435605,19747278
2024-06-06,688981.SH,59.82394129188797,60.052020672366,59.48256487329583,60.038293448462476,12554518
2024-06-07,688981.SH,59.443533649654604,59.7821939466764,59.0007189248652,59.65089471857738,14026853
2024-06-10,688981.SH,57.93844988026138,58.34170837128201,57.82285434529423,57.92596297109704,41535679
2024-06-11,688981.SH,58.965743852802426,59.493558550248316,58.91183088950524,59.265721996352106,35876960
2024-06-12,688981.SH,58.79270152993973,58.98904803677262,58.41045368878001,58.89690574454992,48292972
2024-06-13,688981.SH,60.943941038365764,61.06773982694237,60.2513567342054,60.69065909816768,19310865
2024-06-14,688981.SH,60.16915987824884,60.52334784624542,59.35522453436291,59.98588809641422,9819482
2024-06-17,688981.SH,61.69096387672826,61.55649967582011,60.654442657376805,61.40065413393505,7479270
2024-06-18,688981.SH,62.96590829846732,63.38059813497975,62.535008363541756,63.07365358433113,20756405
2024-06-19,688981.SH,61.27546393456804,61.480246021058846,61.445135182356,61.467144384344785,17844000
2024-06-20,688981.SH,62.055833803844926,62.06987310826462,61.791947171016645,62.00373985402706,2069160
2024-06-21,688981.SH,60.756910600240765,61.03388849480185,60.47356395268588,60.92689751283573,31684762
2024-06-24,688981.SH,59.72135300387293,59.758207287362474,59.176371878878655,59.73623780024063,16460628
2024-06-25,688981.SH,59.877021042417255,59.99549600685801,59.35775782791054,59.90021034746758,39561946
2024-06-26,688981.SH,60.90291034376306,61.301722678378695,60.787763463504426,60.80236704280815,34797168
2024-06-27,688981.SH,62.58247845895669,62.838897724009975,62.13829227589626,62.30790940231243,20972104
2024-06-28,688981.SH,62.233387045065456,62.123010735762584,61.58050001217182,61.96989846632155,47438581
2024-07-01,688981.SH,63.28447548621988,63.2575056950656,62.66564144589849,63.10255618771497,23553032
2024-07-02,688981.SH,63.73212883287564,64.30255482851166,63.60752936653365,63.76969236637516,32281275
2024-07-03,688981.SH,63.92354747981496,63.85656206125025,63.669892146165616,63.79287604664097,29942113
2024-07-04,688981.SH,62.69774187168124,63.04155429864164,62.73960769906947,62.76781378164763,14761613
2024-07-05,688981.SH,62.67402800385913,63.42039775177393,62.84287893224516,62.845979411456966,13109874
2024-07-08,688981.SH,66.61466866734717,67.11442461816426,66.62792318010897,66.92197439921931,35220049
2024-07-09,688981.SH,65.74453571285954,66.31330131361405,65.4793903479413,65.85674746197184,30766811
2024-07-10,688981.SH,65.7934888449187,66.29571719016391,65.56242520777765,65.69016094045789,24258145
2024-07-11,688981.SH,64.82673051955224,65.43998917024352,64.63444894865437,64.68862697470644,13435725
2024-07-12,688981.SH,66.32973034877872,66.9148269993734,66.24644631096963,66.31773166069067,25564073
2024-07-15,688981.SH,68.63385446549596,69.27522944024976,68.3421376795978,68.50886031000675,33313651
2024-07-16,688981.SH,70.073623791353,70.42662995925237,70.15135673309251,70.19025455873047,47686524
2024-07-17,688981.SH,73.11021413282563,73.28802050728196,72.49368524791534,72.737158335465,40779220
2024-07-18,688981.SH,72.70747981089939,73.64658306205476,72.53161266311315,72.66948435478885,16273103
2024-07-19,688981.SH,74.82995082580727,74.9933833503411,74.52328703446166,74.8978801558623,17539588
2024-07-22,688981.SH,73.99256968639257,73.89366178023445,73.56835993012182,73.83810136568681,6065735
2024-07-23,688981.SH,75.9074359865617,76.6720235894235,75.83069310845269,75.93755785105023,45800763
2024-07-24,688981.SH,78.09199585739609,78.05840668247716,77.74721967679979,78.00635996881425,9881213
2024-07-25,688981.SH,77.52859255287368,77.96703833183925,76.3540363314035,77.1740551315505,49100577
2024-07-26,688981.SH,78.32484960639754,79.18475329814737,78.1869116934894,78.51092308504248,14458087
2024-07-29,688981.SH,76.9864141166221,77.90099817969967,76.96130102587529,77.04438728710976,31217652
2024-07-30,688981.SH,75.13607932191141,75.19079671497649,74.94737231171443,75.16956493084129,4214605
2024-07-31,688981.SH,73.37020848096316,73.99843507478232,72.92209840712573,73.35187337887372,4147898
2024-08-01,688981.SH,72.36722605085009,72.41658802635155,71.64291771567777,71.94428828810355,33726926
2024-08-02,688981.SH,70.71893386464728,70.82520354139096,69.98621098821867,70.5155417382359,23124033
2024-08-05,688981.SH,70.68373466463594,70.82343954139908,70.09874437543012,70.39457137330771,42654675
2024-08-06,688981.SH,72.08296342198108,72.8417143644613,72.32461254443075,72.63669176641068,21099858
2024-08-07,688981.SH,72.44513806011318,72.76183382584618,71.75657616596675,72.32370012636949,19436818
2024-08-08,688981.SH,71.32304694395012,71.55460797245162,71.00756124548872,71.25038272821524,26588241
2024-08-09,688981.SH,72.26870630952583,72.3754119682471,71.41152138144304,72.13721944115217,15080626
2024-08-12,688981.SH,71.8501677332965,71.84377503395501,71.25244881562277,71.83227736473253,11011576
2024-08-13,688981.SH,71.83148634327912,72.0092711429763,71.9109197446621,71.9626792807094,15813176
2024-08-14,688981.SH,72.65704559158216,72.57156828421331,71.96130609794132,72.48634255916285,43980530
2024-08-15,688981.SH,73.03731899640485,74.05150247995364,72.9732791560406,73.06666974933027,36797714
2024-08-16,688981.SH,72.19884074249272,72.66494963350914,72.05380625489988,72.18611878023523,7309978
2024-08-19,688981.SH,71.76218602384408,71.90368081198818,71.66259305323962,71.87881495299987,6208706
2024-08-20,688981.SH,73.06865365575426,73.2537854862276,72.89531902385396,73.10010286881935,27406378
2024-08-21,688981.SH,72.75014105268073,72.96267406750734,72.36547848892667,72.61997667768024,4403966
2024-08-22,688981.SH,72.50997885033938,72.50612949659843,72.24904400304125,72.31732389819743,40624862
2024-08-23,688981.SH,72.73092759798233,72.8675812824571,72.24058622814255,72.72512700022918,43641318
2024-08-26,688981.SH,73.31870049883419,74.03603479135678,73.08562130632731,73.2863767299302,11609482
2024-08-27,688981.SH,72.84973556331758,73.4345567673184,72.7965594536754,72.88105453963136,10720840
2024-08-28,688981.SH,73.84157325232138,74.23425354847426,73.4694671759548,73.62942433715108,15403705
2024-08-29,688981.SH,73.54690296584367,73.92431878962735,73.18160998001007,73.63069428636346,39310707
2024-08-30,688981.SH,71.87767094067357,72.14075509004334,71.91267276300967,71.92882107960416,34597210
2024-09-02,688981.SH,72.81740925538644,72.83559685858847,72.63732855745552,72.78106855318433,15159165
2024-09-03,688981.SH,71.58288835094322,72.02317006749367,71.13071782540646,71.66352523227117,21938689
2024-09-04,688981.SH,75.81070907078326,76.60325753367141,75.53256036363562,75.73041260484766,49875212
2024-09-05,688981.SH,76.53126654632625,76.53216894092832,75.86241723263599,76.13853365644705,32450932
2024-09-06,688981.SH,75.78000820304784,76.49086540748031,75.1475923331893,75.7685963772875,23350544
2024-09-09,688981.SH,77.30795991832382,77.1088139498261,76.59243380444254,76.95091308665198,17837833
2024-09-10,688981.SH,79.25800803240503,79.69452275945616,78.81371590397006,79.01995633748511,4450317
2024-09-11,688981.SH,81.28009509794718,81.92668541741871,80.96892944791497,81.21912455439193,46554648
2024-09-12,688981.SH,81.87248614958406,81.8826828646558,80.82148376249097,81.68387877146036,17845482
2024-09-13,688981.SH,83.67546246466185,84.04209240793558,83.08795066911071,83.2932472664346,46941192
2024-09-16,688981.SH,84.18005831818864,84.3861139214519,83.90582820454902,84.37833192892109,27830971
2024-09-17,688981.SH,84.73995571361642,84.63392580203954,84.39603432009268,84.5404053142909,11389235
2024-09-18,688981.SH,82.62513232498274,82.63771993880694,82.14045782588624,82.29703980150362,47470767
2024-09-19,688981.SH,82.19130420972212,83.07134821733395,82.33015466290901,82.3567993840525,29843839
2024-09-20,688981.SH,79.00075838889236,78.82529589143539,77.8849806863895,78.66247583956978,27238718
2024-09-23,688981.SH,77.6164828822328,77.63990621714176,76.94854386667873,77.44326554763833,34363675
2024-09-24,688981.SH,79.21438389584453,79.39107807799711,79.36340218843705,79.38983636845563,40448830
2024-09-25,688981.SH,79.80132936327094,80.26988947075725,79.4158343897886,79.67162497868574,6052997
2024-09-26,688981.SH,79.31295203905911,80.02862463787804,79.50906433129595,79.63588130588334,37886746
2024-09-27,688981.SH,78.14784455144164,78.8296413107359,78.32767850526037,78.42042503474201,20576655
2024-09-30,688981.SH,76.91274865536528,77.85891692618716,76.82389776769783,77.24873253824772,49001180
2024-10-01,688981.SH,76.40210548475012,76.39321461035921,76.25821702578814,76.3270980984396,46396019
2024-10-02,688981.SH,74.39242682205463,74.7123413757997,74.34697431644003,74.46367108769635,43573671
2024-10-03,688981.SH,71.35152637471481,71.72577237298425,71.19943198283526,71.50374856654823,32986514
2024-10-04,688981.SH,72.75937494104558,73.08677747613456,72.77517723439567,72.8646605256154,38564830
2024-10-07,688981.SH,75.07888950728525,75.88632055267703,74.92431845674366,75.08777641941302,28605740
2024-10-08,688981.SH,74.18682632304174,74.67676960604767,74.2270418494243,74.25218854766067,44855978
2024-10-09,688981.SH,75.20120517837147,75.4891927908661,75.2148667807522,75.30565501825532,41204329
2024-10-10,688981.SH,73.71835831919329,73.78802086153713,73.01349722084866,73.67412595101484,43813041
2024-10-11,688981.SH,73.95483850186244,74.85512216456294,73.78531309129896,74.15995705878412,16731845
2024-10-14,688981.SH,72.24219511913192,73.08570860029157,72.23986985656376,72.35254658246213,45173068
2024-10-15,688981.SH,73.83205809139464,74.20418615422955,73.21654466195879,73.5662886515721,37971356
2024-10-16,688981.SH,73.74070044564782,73.83711476097824,73.51522574521817,73.65527827787844,45012489
2024-10-17,688981.SH,71.6161110116736,72.2594365778787,71.51918653385934,72.00160153245298,12717427
2024-10-18,688981.SH,73.08243218015653,72.80411275121168,72.49434684134059,72.73386773299386,11357501
2024-10-21,688981.SH,74.76033931602787,75.00983119682294,74.90540478815082,74.94576306029032,23927766
2024-10-22,688981.SH,75.35384366184242,75.03304567456456,74.47712154138712,74.97125759728164,29298551
2024-10-23,688981.SH,74.96403487741091,76.51396975455593,74.3614133221828,74.93362372003165,46733399
2024-10-24,688981.SH,75.19292191169603,75.43211515711269,74.48316487622475,74.96570126192934,15855307
2024-10-25,688981.SH,74.7573486830448,75.48379428362398,74.37778298936468,75.15237904524825,11331454
2024-10-28,688981.SH,76.70705271654019,77.45840046981455,76.70139401993595,76.8802792613951,20381008
2024-10-29,688981.SH,78.55882202185389,79.55839681466112,78.39222739565199,78.7062118772954,38662486
2024-10-30,688981.SH,75.6668473222848,76.05402410774361,75.31122413818252,75.79077880027931,23058083
2024-10-31,688981.SH,77.29589783300575,77.92628646286173,77.39476145309469,77.4749270789733,13479315
2024-11-01,688981.SH,77.06531356155159,77.28042135890004,77.09470323522889,77.20885601568817,12001163
2024-11-04,688981.SH,79.5526914317434,80.17174881661363,78.87317046630908,79.57874414878846,34987451
2024-11-05,688981.SH,80.11397787697328,80.75802757701717,79.25911790285666,80.2592481363607,35237632
2024-11-06,688981.SH,81.64658382971808,81.74798330905725,80.74581864220282,81.6807976957517,23367649
2024-11-07,688981.SH,81.02856136399424,81.51744209911354,79.85775752577094,80.9456862974133,32025087
2024-11-08,688981.SH,78.61416868726292,79.1626326416934,78.93794627854248,79.03396753034312,16911486
2024-11-11,688981.SH,79.3386209030061,79.55510241342172,78.88107325001965,79.3937401870316,45926939
2024-11-12,688981.SH,80.56741604037691,81.81750379956658,80.7608756191156,80.80225751956708,5941106
2024-11-13,688981.SH,81.87506503976978,82.57370590019546,81.76741088151812,81.89837001359692,6468690
2024-11-14,688981.SH,83.23195968339968,83.19099300192956,82.35836274507736,83.07917030215913,32094015
2024-11-15,688981.SH,83.0855680666533,84.0988455028395,82.9365932986397,83.43551289782948,3845986
2024-11-18,688981.SH,84.44286366951913,84.97627666658303,84.14104007534168,84.54059837178656,22908586
2024-11-19,688981.SH,83.54009098677936,83.51563005246906,83.29670339198418,83.3095882565505,47355050
2024-11-20,688981.SH,83.3724426496765,83.14347043917337,82.88630120215943,83.11076993274155,1021199
2024-11-21,688981.SH,80.6996396032704,81.14257749057376,80.69778378116683,80.82701340231957,48309132
2024-11-22,688981.SH,80.98023769158117,81.12065760085856,80.33604317132547,80.76317094796892,6746375
2024-11-25,688981.SH,80.39932982672958,80.6511770643261,79.96262273308932,80.32744399744772,31716611
2024-11-26,688981.SH,80.43323719402123,80.64297173635755,80.32449713288017,80.41917994438343,14503710
2024-11-27,688981.SH,81.83711053530243,81.97038801100199,81.37728574160822,81.95982885191678,6843671
2024-11-28,688981.SH,82.13567567891768,82.83049092822266,81.19255864542541,82.06794690157807,22426861
2024-11-29,688981.SH,78.05544376104568,77.96875409323786,77.66977700673291,77.89612375370318,36509731
2024-12-02,688981.SH,79.70078254453219,80.07713598818782,79.73584900800815,79.85894529420021,7329020
2024-12-03,688981.SH,80.20695965574127,80.76856643882385,79.52635580031915,80.09374119742606,13698764
2024-12-04,688981.SH,80.95756102950492,81.55299584097946,80.84823298798906,81.2375457740063,21647342
2024-12-05,688981.SH,79.81768144076445,80.13596971456005,79.99872954344791,80.10024811671268,9935214
2024-12-06,688981.SH,81.45238027680763,81.90788467749937,80.95977980310869,81.31818002649706,19692526
2024-12-09,688981.SH,83.55792538947486,84.05216678598798,83.47635882844334,83.61243899216527,35992289
2024-12-10,688981.SH,81.02768876640307,81.49491756083297,81.20864481119652,81.22408799719543,39789963
2024-12-11,688981.SH,83.14596948534546,83.33428261933312,82.90090357723395,83.05903079132936,7812491
2024-12-12,688981.SH,81.85809692353202,82.1928569886239,81.51187735530836,81.68446043598762,40739884
2024-12-13,688981.SH,80.58488002752277,80.78660061947569,79.60480111124203,80.5723816946001,30268379
2024-12-16,688981.SH,80.94365800549396,80.95134145950816,80.18015771672547,80.58863433457283,24315544
2024-12-17,688981.SH,83.52222961619105,83.73957447540319,82.85699595201798,83.6932327381411,43275782
2024-12-18,688981.SH,80.86509992534104,81.3638266470163,80.90835285865731,81.022471524326,26655376
2024-12-19,688981.SH,80.32916349619093,80.48539000204457,79.84782285631219,80.10798124505006,21474784
2024-12-20,688981.SH,79.94213978469537,80.31410628091,80.16764433052795,80.18204607410043,8731956
2024-12-23,688981.SH,81.31751976702533,81.21689786186408,80.57715360555498,81.14397676882463,15208887
2024-12-24,688981.SH,80.60261415740355,81.05886802560437,80.79476255959018,80.99173553202505,10852421
2024-12-25,688981.SH,81.39414867721167,82.86041218049316,80.79639379436755,81.63575149115849,33900185
2024-12-26,688981.SH,80.09740209766909,80.28307805536402,79.98077100456372,80.13872913676268,30176440
2024-12-27,688981.SH,81.1800264046744,81.9690636220456,81.17161575296166,81.27824034069953,49657840
2024-12-30,688981.SH,83.23220573710671,83.39592811422315,82.45440151615077,82.85433475972206,32339996
2024-12-31,688981.SH,81.00502168261305,81.97176836307533,81.02616325214159,81.2364046435481,27960364
2024-01-02,600519.SH,50.036371931797625,50.16906411214916,49.93262108910312,49.988172627674196,23164536
2024-01-03,600519.SH,50.645081834451695,50.864367466976844,50.403336103216326,50.752500513367295,44533123
2024-01-04,600519.SH,53.366086708681934,53.82993281722991,53.21135447309548,53.375619196207545,40234847
2024-01-05,600519.SH,53.45894535752351,53.56566461208225,53.17320716025441,53.518740223941954,44947616
2024-01-08,600519.SH,54.82503612357712,55.12457500460712,54.47231494437947,54.789541219173856,37385713
2024-01-09,600519.SH,52.93079103896059,53.311764532847164,52.54420900827397,53.20426926077335,30484610
2024-01-10,600519.SH,52.236928253023514,52.732222732064336,52.44551492822672,52.46793356310413,19519660
2024-01-11,600519.SH,52.1194253706176,52.51671041947943,52.13239935363746,52.4721694475223,40410709
2024-01-12,600519.SH,52.8211242002974,52.790958440253384,52.35135766401925,52.70688853593952,33650357
2024-01-15,600519.SH,51.118390139096434,51.36736505863677,50.9628588883472,51.1910985361296,5792651
2024-01-16,600519.SH,51.92602272544196,52.03285720247458,51.63161212731991,51.93859108247324,4427343
2024-01-17,600519.SH,51.96225917048231,52.81105851246013,52.217641850101344,52.27418612680136,48112971
2024-01-18,600519.SH,52.51359066320834,52.604252813643534,52.31097549590615,52.43897047013767,2484019
2024-01-19,600519.SH,52.732809418917896,53.13939427791278,52.7009097774398,52.70612842839129,20183902
2024-01-22,600519.SH,52.30514428018261,52.160568793200135,51.92356613846703,52.10865110270547,31730974
2024-01-23,600519.SH,53.06274340131853,53.17773589029935,52.51746697613595,52.8352003550159,1169820
2024-01-24,600519.SH,52.91498444047336,53.07670719168529,52.79772877204098,52.86113911739467,14762266
2024-01-25,600519.SH,52.41504332092531,52.858090066389835,52.28624996276644,52.40447664376791,21773606
2024-01-26,600519.SH,52.77715749360617,53.72298717974101,52.698141811268584,52.73433261502828,39995449
2024-01-29,600519.SH,51.63827520175518,52.499263968065236,51.514893069778275,51.66116956806769,22035748
2024-01-30,600519.SH,51.10549998938891,51.208519075960055,50.874967152463995,51.157547761260716,30680407
2024-01-31,600519.SH,50.63984393722448,50.74587021401738,50.41856915396717,50.64872584739217,11937220
2024-02-01,600519.SH,50.722729536454636,50.857536574326765,50.60941338974934,50.699461543493996,6112478
2024-02-02,600519.SH,50.13641686551876,50.39081835044108,50.07602447714935,50.259302190103206,21793965
2024-02-05,600519.SH,50.23617043758245,50.600871220804045,50.06494514505269,50.29332292992235,5805917
2024-02-06,600519.SH,49.299265188215195,49.21717962942624,48.568463806659075,49.03691799860781,3902047
2024-02-07,600519.SH,47.83443560748503,48.27049474855777,47.68758225764912,47.91613930454078,41633695
2024-02-08,600519.SH,48.08554839466728,48.64513806440013,48.13837872639674,48.15263660272531,45450256
2024-02-09,600519.SH,48.053641348231615,48.051208778423366,47.95583832493272,47.998117953470555,11836674
2024-02-12,600519.SH,47.134917022821014,47.57212856618975,47.25392352760224,47.27231821463395,41732102
2024-02-13,600519.SH,47.303180872815425,47.46797968835277,47.329627474563004,47.366527660159754,11947831
2024-02-14,600519.SH,47.29453181250654,47.583788908063866,47.412005838379095,47.50941274581743,43183208
2024-02-15,600519.SH,48.18247583488745,48.4945451781983,48.159876460574736,48.203055890465876,4641111
2024-02-16,600519.SH,48.29761955870197,48.9495618766599,48.2462947337048,48.44323163910315,32824889
2024-02-19,600519.SH,47.44008787534618,47.89382227512253,47.6129125668505,47.74347388032367,46118936
2024-02-20,600519.SH,47.74533619280895,47.83032470656698,47.51212662476775,47.70057536792251,9495413
2024-02-21,600519.SH,48.555480230609106,48.794712793278684,48.25904251213239,48.45954927052931,39655364
2024-02-22,600519.SH,48.80587931247101,48.937279230292575,48.271252380299835,48.84925111306189,42658009
2024-02-23,600519.SH,48.510763066445534,48.396476322497435,47.96562397015562,48.25405353413181,9080706
2024-02-26,600519.SH,48.880426984366096,49.382129948077875,48.89787689267588,49.14151888877741,9288742
2024-02-27,600519.SH,48.237382260137586,48.48270910924686,48.25924355948864,48.472594052702064,4895405
2024-02-28,600519.SH,48.23275768297561,48.466806451348646,48.091750155836564,48.231667762481244,17423538
2024-02-29,600519.SH,46.828337046922194,46.95567674036455,46.39101078924554,46.70706881498792,11480331
2024-03-01,600519.SH,46.65814177848,46.70928667559432,46.572079656401385,46.687789936344,40481767
2024-03-04,600519.SH,46.778597146322944,47.112457353489496,46.753128904063416,46.8498889728306,29727245
2024-03-05,600519.SH,46.437195652315104,46.61117278547479,46.38345533634047,46.598040999852145,48304163
2024-03-06,600519.SH,46.74891510049631,46.546645059747775,46.045916801115254,46.503339466611955,15402288
2024-03-07,600519.SH,45.77045333362958,45.9782446919541,45.819066229456645,45.859453817929655,25182392
2024-03-08,600519.SH,46.24828953395831,46.373076404325104,46.159481353945424,46.16964782319805,9232947
2024-03-11,600519.SH,45.70073716094202,46.39238894149697,45.41245674396545,45.678658188055486,24449873
2024-03-12,600519.SH,45.8287082674146,46.24892878249328,45.83445844776085,46.03598300187047,19644873
2024-03-13,600519.SH,46.39070640515205,46.40212931751146,46.21881148270905,46.28302209729417,2494395
2024-03-14,600519.SH,46.17290630314254,46.41878572587064,45.79442714847473,46.27266231102103,42498623
2024-03-15,600519.SH,46.50514368731455,46.568817799719156,46.41495497881927,46.45731931097809,1826232
2024-03-18,600519.SH,46.69000227896733,46.706830776164246,46.48794548541612,46.62478003471459,14732381
2024-03-19,600519.SH,46.41266967442914,46.7920915187987,46.211949629823025,46.44834765270533,15121562
2024-03-20,600519.SH,45.4693270703524,45.2774856263296,44.91260208690162,45.24438231435236,7125784
2024-03-21,600519.SH,46.642977800230035,46.72734036900612,46.19113309884513,46.45681381585371,22609785
2024-03-22,600519.SH,48.20897557621682,48.447391783819576,48.0724376290277,48.22712466038415,23033153
2024-03-25,600519.SH,48.544874007214304,48.74396145040587,48.03913065469794,48.43010779092555,48784434
2024-03-26,600519.SH,47.993509352026386,48.05573078033696,47.49538148441671,47.81825719272712,27549449
2024-03-27,600519.SH,48.26444585928501,48.4396185950755,47.62145702771348,48.01078898256225,9845856
2024-03-28,600519.SH,46.89642964623229,47.352162904057984,46.8401812822226,46.945301755909405,44679978
2024-03-29,600519.SH,47.68311390645098,47.627298404218784,47.177037093927915,47.394801502166025,18560651
2024-04-01,600519.SH,48.584880673976464,48.98830052457463,48.48133038302168,48.72245439594361,39238369
2024-04-02,600519.SH,48.964338303151514,49.51796349921609,48.723938557065225,49.14795380312588,30115595
2024-04-03,600519.SH,49.7164024409685,50.17980499901594,49.50747425609256,49.62273122522483,14078762
2024-04-04,600519.SH,47.90757599677843,48.43818734021227,48.04459835948939,48.05338965832589,23274497
2024-04-05,600519.SH,48.055773548878925,47.98177244463279,47.74604905060379,47.81505981055966,47118444
2024-04-08,600519.SH,46.552362893626544,46.946757891339004,46.34282425047041,46.82539015288376,48573597
2024-04-09,600519.SH,48.19238856272985,48.35245290094881,48.009456137077315,48.19936587400885,23157418
2024-04-10,600519.SH,48.2494597274112,48.396618291299475,47.84673696671328,48.163659486499434,14188670
2024-04-11,600519.SH,47.708356394880276,48.11273530883292,47.09545372318123,47.95862663332797,36132789
2024-04-12,600519.SH,48.59344031120137,48.87587643768114,48.371389670248284,48.44653621979102,28120582
2024-04-15,600519.SH,49.14892002920089,49.442095451039876,49.307962051587296,49.37399479197456,42438073
2024-04-16,600519.SH,50.00815622730288,50.028087622178205,49.831540243540346,49.96579639799295,3648300
2024-04-17,600519.SH,49.44475126001099,49.83122928706491,49.129691712405865,49.42001772166106,21210506
2024-04-18,600519.SH,49.820892936104855,50.048556750392,49.59443902359646,49.794197073763755,8689870
2024-04-19,600519.SH,50.447052111932386,50.42818861981054,50.073602756081804,50.326988126996596,36688698
2024-04-22,600519.SH,50.26680606951727,50.20636662975687,49.619267460289905,50.15056502408037,13128191
2024-04-23,600519.SH,50.703833967454344,50.89665862985742,50.68333034897605,50.83832797315346,18373053
2024-04-24,600519.SH,50.1503729655063,50.48197756962579,50.16370913199242,50.30067917381078,4441094
2024-04-25,600519.SH,50.8816357201714,51.28713850494015,50.614556894211674,50.87546002958525,45844635
2024-04-26,600519.SH,51.68826621266573,52.23129708222654,51.74455852864518,51.95905893929507,16404363
2024-04-29,600519.SH,52.65321774492128,52.6173019422014,52.15882567811279,52.45172069153897,20053850
2024-04-30,600519.SH,51.74878684141495,52.08956554576706,51.66331694296423,51.78634337722347,35011053
2024-05-01,600519.SH,52.68341514487731,52.40941743555137,52.02901852374445,52.32079070981299,39752626
2024-05-02,600519.SH,53.29207380072234,53.541684085479744,53.01403042628472,53.209511930125494,41422498
2024-05-03,600519.SH,53.88015559064944,54.04691967413585,53.60074855585851,53.98902022046703,36914969
2024-05-06,600519.SH,53.10951119159213,53.519299619766755,53.11690232930971,53.2823311629528,49930797
2024-05-07,600519.SH,53.58652235580494,53.575408099127955,53.3024309512852,53.38784147348835,25162048
2024-05-08,600519.SH,53.06586070424461,53.65849718816478,53.16174467976938,53.59968911239665,22717571
2024-05-09,600519.SH,56.53325746822941,57.23269898912732,56.594289089209546,56.618356077546785,29549174
2024-05-10,600519.SH,57.81764608736488,57.52715362724479,57.29405423614263,57.46008224824036,34097078
2024-05-13,600519.SH,57.391358262065616,57.42665610832862,56.772473054288824,57.4124187598834,23496915
2024-05-14,600519.SH,58.86214674128146,58.839722244336095,58.58872706313783,58.750903039735626,40924983
2024-05-15,600519.SH,58.710352586903596,58.88376176734352,58.66476268960746,58.72137430817946,29195422
2024-05-16,600519.SH,59.00114762483073,58.991592575578046,58.60378632258521,58.91097023598763,33369861
2024-05-17,600519.SH,60.60316824237356,61.02543376902586,60.591181625050616,60.76438174917427,7972189
2024-05-20,600519.SH,62.330659400062075,62.62283507158659,62.23067351624421,62.324530272309175,16140319
2024-05-21,600519.SH,63.11188646624116,63.12762789683845,62.5034834865874,62.884424439844125,48122499
2024-05-22,600519.SH,62.295712201609945,62.38561418145905,62.177579580851585,62.305502676872685,15387609
2024-05-23,600519.SH,59.43593150236752,60.02592349998973,59.310124828102296,59.42081333209399,10879304
2024-05-24,600519.SH,59.96030566105397,59.97059494811086,59.4293337335586,59.74802323153454,39960078
2024-05-27,600519.SH,59.17072318756505,59.661808588314855,58.90575524740663,58.99052726195871,27773439
2024-05-28,600519.SH,60.31278457698846,60.336776477908394,60.04390449525971,60.28379333189974,15923573
2024-05-29,600519.SH,61.524546280176814,61.87703564621278,61.48463110782172,61.68214308177431,11743515
2024-05-30,600519.SH,60.35031316951227,60.86437551638041,60.52325255217836,60.556759423836084,43655167
2024-05-31,600519.SH,59.44354000933459,59.613765875015375,58.811355615399414,59.4122759647831,25809452
2024-06-03,600519.SH,59.15941359807912,59.71188342796274,59.11941351140558,59.161693967697815,13584198
2024-06-04,600519.SH,59.75425015526437,59.75149531858228,59.296203095863085,59.44870164195015,22791432
2024-06-05,600519.SH,61.156952901982066,60.7416287256688,60.280573183740294,60.58370319571782,15760395
2024-06-06,600519.SH,59.689743536660984,60.06546364834318,58.76347084004962,59.399509357717406,33060019
2024-06-07,600519.SH,57.33081201078666,57.81505736207031,57.28849044136664,57.42191766425796,48089273
2024-06-10,600519.SH,57.17299032236931,57.916379091821725,56.93906932897121,57.22767412534352,49263100
2024-06-11,600519.SH,56.53857355366605,57.22002688979046,56.29227425939297,56.819397511915305,20982255
2024-06-12,600519.SH,56.818519827183195,57.44523008351407,56.50736736705351,56.77666558272866,7149996
2024-06-13,600519.SH,58.298000308228254,58.343797744944766,57.81427939245027,58.25669443071361,22524413
2024-06-14,600519.SH,57.95837000145143,58.151912168573254,57.02155966739433,57.799209292223466,46359994
2024-06-17,600519.SH,58.7112059527569,59.11323493958746,58.75548613218987,58.88426389016945,1336525
2024-06-18,600519.SH,58.76647204267173,59.130212493301194,58.3069497778924,58.7183250679188,32679048
2024-06-19,600519.SH,59.25893977026396,59.41417906787585,59.20914196560226,59.265675159462496,30967838
2024-06-20,600519.SH,60.38529326471751,60.551729279286725,59.42108335787265,60.21276801812048,45451294
2024-06-21,600519.SH,59.889306321363385,60.533981182238634,59.75956332668938,60.1572177273079,33748100
2024-06-24,600519.SH,58.78452636016859,58.56439222323799,58.44988204831917,58.56000234044579,20197980
2024-06-25,600519.SH,57.58781728484491,57.98518104141732,57.48179200067485,57.589755237070406,12705848
2024-06-26,600519.SH,57.42376228208625,57.45456801781761,57.19418724624535,57.440940121010755,14388075
2024-06-27,600519.SH,55.75606557394925,56.082410109970716,55.66245477278461,55.97158895498991,8306134
2024-06-28,600519.SH,54.645354681933604,54.69110952403775,54.33706362192888,54.68916122903942,35000196
2024-07-01,600519.SH,54.23818572986285,54.585689510942146,54.194966938301945,54.19996461485434,18313415
2024-07-02,600519.SH,53.210722032071864,53.56691037941288,52.70201694903247,53.263999953053364,7136702
2024-07-03,600519.SH,53.97036340255556,54.19251504210101,53.87084834242326,53.95225331354665,5491527
2024-07-04,600519.SH,54.41694794095162,54.97365656153893,54.25209737051133,54.62104774812311,38918418
2024-07-05,600519.SH,52.244951154109515,52.761519498166315,52.058404791767735,52.259885102926994,1207260
2024-07-08,600519.SH,52.63108880728081,53.00632615002107,52.7664222546107,52.79314996488916,13771780
2024-07-09,600519.SH,51.807546040266125,52.19551789964447,51.651043840142734,52.11517891467261,2989793
2024-07-10,600519.SH,51.69611469243439,51.97893122134917,51.888682679165946,51.92773281862699,42624607
2024-07-11,600519.SH,53.14135828919461,53.47541694181491,52.98368912588886,53.200983558020845,30211839
2024-07-12,600519.SH,53.381238962332056,53.46307592623498,52.959199746808125,53.33546901762178,25367932
2024-07-15,600519.SH,53.09265862100352,53.55472491642775,52.88977955688546,53.0922915518547,26856046
2024-07-16,600519.SH,52.52669666038824,52.67255478836092,52.1404619439206,52.322107727890845,36270463
2024-07-17,600519.SH,52.51111221973664,52.92122086194403,52.09738496582073,52.468215854913765,2775686
2024-07-18,600519.SH,53.01707831252521,53.07470733568264,52.88412100053306,53.01713584441855,25279287
2024-07-19,600519.SH,53.732258786705884,54.41979220344258,53.068728499477835,53.824940946204606,49105028
2024-07-22,600519.SH,53.488913035494306,53.50981688327412,52.82884424076502,53.41207126790515,28793273
2024-07-23,600519.SH,55.29401064965898,55.42763546627826,55.290132701846986,55.31671910394223,32740640
2024-07-24,600519.SH,54.954989716976264,55.908831966989986,54.8238729333901,55.279616621378736,47955832
2024-07-25,600519.SH,57.0971653808844,57.36967335527613,56.81726788527438,57.11773686953627,45527619
2024-07-26,600519.SH,57.276097090078906,57.3815582668215,57.03839316154637,57.29072988964348,39712987
2024-07-29,600519.SH,59.06029109350618,59.18202895749517,59.044867096158754,59.09309241726922,44772478
2024-07-30,600519.SH,61.39635571877494,61.10836511684275,59.84126175818605,60.89828847848824,31714375
2024-07-31,600519.SH,60.25843395250105,60.568350852817716,59.96565766591246,60.15345051743907,36936429
2024-08-01,600519.SH,60.240952170497906,60.170616435814665,59.93502011550668,60.09486003049803,22552562
2024-08-02,600519.SH,60.12771399727644,60.873371636900046,59.94204850584725,60.01992325544611,32922473
2024-08-05,600519.SH,60.81519277620684,61.273348166671596,60.8087304421666,60.906328735729474,44216076
2024-08-06,600519.SH,60.13152563978862,60.6446248049677,59.483280692086055,60.09340236336161,47041244
2024-08-07,600519.SH,59.04796408075361,59.48200680320562,58.976604793630706,59.00701744360991,39175900
2024-08-08,600519.SH,62.38858631917615,62.78221228157446,61.361771262383606,62.340735318133724,18585855
2024-08-09,600519.SH,63.15018794312077,63.80020590616943,62.85465875750107,63.29649962464005,41163770
2024-08-12,600519.SH,64.82537934330472,65.81622445096043,64.2606866398087,64.76692870004237,41333109
2024-08-13,600519.SH,65.08876856081021,65.86539609974416,65.1239600469977,65.15996840994919,24462450
2024-08-14,600519.SH,65.48466699737065,65.89625230557705,65.14424932255079,65.73177865476927,3560320
2024-08-15,600519.SH,66.57928366244066,67.18868905549334,66.3473089704741,66.79596154764116,6607948
2024-08-16,600519.SH,67.24308600297076,67.81938443553926,67.15941600739433,67.33626177994248,21513683
2024-08-19,600519.SH,67.23894716386387,67.43005993224763,67.05307940415314,67.26482463580079,13843122
2024-08-20,600519.SH,66.82658513091181,67.23375280591661,66.96689453449262,67.10310098085618,13929224
2024-08-21,600519.SH,68.64460357066456,69.38765403369686,68.73045789127558,68.98454294682246,9201026
2024-08-22,600519.SH,68.11647641297915,68.83664268661059,68.07451350352123,68.33573475281408,12257145
2024-08-23,600519.SH,69.20994436031316,69.65342027159154,69.09987518541409,69.33751060584694,30368512
2024-08-26,600519.SH,69.94641385180066,70.06748214730631,69.5640391578471,69.63937074272431,39597532
2024-08-27,600519.SH,69.632696170805,69.78910868720148,69.43758744496147,69.54502594947364,8659078
2024-08-28,600519.SH,70.27931727009613,70.86883600681759,70.64004288119035,70.77710051789961,20014420
2024-08-29,600519.SH,70.29059571125522,70.52694603746484,70.06633177348327,70.41958394632863,1651531
2024-08-30,600519.SH,68.01047377962651,68.18001475468232,67.49217080019787,67.9970047185621,40544377
2024-09-02,600519.SH,69.41872050950573,69.94946904328556,68.63036601417079,69.21392413505323,27661493
2024-09-03,600519.SH,69.54504644463455,69.71651004803802,69.39097645597809,69.58252257494493,12790527
2024-09-04,600519.SH,70.564887035435,70.60844651250224,70.18182429541869,70.19985740444986,33594513
2024-09-05,600519.SH,71.58270395221844,72.07985917263626,71.33923539877091,71.74933552480115,34412926
2024-09-06,600519.SH,72.20595571488296,71.9706727459853,71.42510336662495,71.76829460265847,1028834
2024-09-09,600519.SH,73.48143524233174,73.57895635102817,73.10302820724905,73.57098344063729,7789143
2024-09-10,600519.SH,73.34237520478334,73.39850538676741,72.51224175783234,73.36802771696036,25780162
2024-09-11,600519.SH,76.50151105330872,76.46599932153838,76.32233717986728,76.42431063923057,1249573
2024-09-12,600519.SH,74.78480565626617,75.2323241851932,73.87462274179084,74.91377058839917,44660373
2024-09-13,600519.SH,74.71503221093894,75.2342633286087,74.59017785232187,74.97160595093155,16196161
2024-09-16,600519.SH,74.7419417037635,74.82481932870509,74.37123086110287,74.65268430062326,47360567
2024-09-17,600519.SH,73.08719894529048,73.34834597633328,72.38170270083377,73.0448356156288,7559020
2024-09-18,600519.SH,72.1279373736461,71.95683948634928,71.58806981734055,71.79197442828446,43931484
2024-09-19,600519.SH,71.98727050286685,72.15093184649565,71.7845524829555,71.80348644351137,27732952
2024-09-20,600519.SH,69.46887206809058,70.09309118081121,69.13330624176953,69.6030695418852,47552437
2024-09-23,600519.SH,69.6506909055441,69.55311313195719,69.31335963165355,69.53732394158864,16685754
2024-09-24,600519.SH,70.23787730375594,70.6798698898739,69.55383202709517,70.41620185689833,13130497
2024-09-25,600519.SH,68.61100858020596,69.25439140331908,68.68736645534008,68.96111752526933,48172582
2024-09-26,600519.SH,67.85390287103517,68.58725703458812,67.83221690170564,67.91525398164043,14073678
2024-09-27,600519.SH,65.96159757310258,66.45276379100216,65.80983646919445,66.09238091020484,3360088
2024-09-30,600519.SH,65.29101634833833,66.05306268054386,65.15402080170365,65.44462649583733,31567587
2024-10-01,600519.SH,65.3035249195388,65.59856522490232,64.75920244433661,65.13245054758218,45645812
2024-10-02,600519.SH,64.05521935657998,64.12349055893007,63.886083177424936,64.08397952792185,5531122
2024-10-03,600519.SH,62.95655556484759,63.36270184381342,62.74439232841949,63.15402303567835,30724685
2024-10-04,600519.SH,63.110792706315564,63.28971182336581,63.03755431874029,63.22664831220737,11108653
2024-10-07,600519.SH,63.56212377932656,64.39086150983901,63.157152772192845,63.53589596298941,4936260
2024-10-08,600519.SH,61.679393467698205,62.31985961670208,61.812781999199466,62.090957825631556,32982246
2024-10-09,600519.SH,61.479085988552065,62.01533914258372,61.24731409729871,61.41505710545439,12746900
2024-10-10,600519.SH,60.561789420963514,60.606507594881485,60.50687363445882,60.54420759965902,16960113
2024-10-11,600519.SH,58.79454333834024,59.21477112032793,58.57756250069972,58.73378818250256,18660791
2024-10-14,600519.SH,58.788074393150794,58.68702984754496,58.306408701547774,58.57634621705186,46378352
2024-10-15,600519.SH,59.12251838869588,59.11545834120316,58.82027045696614,58.917388404634586,38260540
2024-10-16,600519.SH,58.9679120305359,59.55945959014256,58.40927731686667,59.07147845356593,35211258
2024-10-17,600519.SH,58.24162916414264,58.28892221532091,57.99489478094503,58.06802916401801,36037165
2024-10-18,600519.SH,59.127166784066226,59.18816906635533,58.98707756904693,59.11264954679712,12142948
2024-10-21,600519.SH,59.66323560888766,60.1994000749459,59.64275457635425,59.89776275302054,49246648
2024-10-22,600519.SH,59.043192816620085,59.23379151192315,58.28807914355537,59.068532520862526,17495351
2024-10-23,600519.SH,58.58575558073215,58.75372311509619,58.3722668030972,58.633810456749536,19012941
2024-10-24,600519.SH,59.53082580154734,59.507745850395516,59.37574380752973,59.464767259135456,28281436
2024-10-25,600519.SH,58.70131760258946,59.35379290384113,58.73753599711203,58.86270224283175,35464569
2024-10-28,600519.SH,59.80954744059587,60.20847759138366,59.85916043201431,59.979329597412544,43283676
2024-10-29,600519.SH,61.578590450101856,62.454913571898665,61.265648011030834,61.54012729305962,4617063
2024-10-30,600519.SH,61.2385236680668,61.80041245169487,61.25635816966865,61.39159288085233,27990271
2024-10-31,600519.SH,61.2779216391282,61.55002940092863,61.18387743294476,61.38240959992744,40612730
2024-11-01,600519.SH,61.211264320921366,61.44944875755718,60.68208608788299,61.35653664074885,48104607
2024-11-04,600519.SH,62.78568142585064,63.049606919093286,62.29171668083399,62.73902018847696,18484316
2024-11-05,600519.SH,63.66417587483323,63.79372978534338,63.43069448064791,63.64396490917614,40923626
2024-11-06,600519.SH,62.34935833079917,62.51678659786859,62.04205073376389,62.451085914200924,21504580
2024-11-07,600519.SH,60.36558917547182,61.342326143786266,60.88223736439379,60.91176560962195,4643444
2024-11-08,600519.SH,60.28366542210987,60.43033770034413,59.94474010160778,60.18110428302927,20101023
2024-11-11,600519.SH,59.579635075565946,59.77120914559048,59.62881078958765,59.76798184343267,48413841
2024-11-12,600519.SH,58.65491436244248,58.92921999644612,57.436838446966206,58.65300699619708,9187504
2024-11-13,600519.SH,59.40420106439915,59.84257298531212,59.22960349562626,59.51503902132015,42880982
2024-11-14,600519.SH,59.19899469494607,59.89175821049221,59.25336961855423,59.54857969124485,15437162
2024-11-15,600519.SH,60.53239510873013,60.68247356138823,60.43227586180507,60.45998786405661,15086744
2024-11-18,600519.SH,61.36773934147632,61.8261054062424,60.66334574487558,61.488566231136176,15729811
2024-11-19,600519.SH,60.42635446428614,60.569436139467975,60.098703715059166,60.46633482436293,4773871
2024-11-20,600519.SH,62.6269943301208,63.407792949661655,61.78232867929725,62.6301264334596,22559824
2024-11-21,600519.SH,64.81847201814533,64.663445478857,63.80319990252464,64.39652575953244,29535069
2024-11-22,600519.SH,63.99567314262898,64.23557999986794,64.11161800547993,64.11742428114665,15571387
2024-11-25,600519.SH,63.01873051953999,63.3716160157525,62.626484895846986,63.102843894048654,11549109
2024-11-26,600519.SH,61.99648999630451,62.5710742869727,61.775780632228674,62.14511673981412,45738810
2024-11-27,600519.SH,62.58954595810039,62.81792243813803,61.990129823165596,62.67099801507317,3292835
2024-11-28,600519.SH,62.05156156982187,62.143864612492365,61.952288634566735,62.024194026549715,2923186
2024-11-29,600519.SH,62.22667528430079,62.425302812214674,62.055016134778135,62.300866908490725,23701342
2024-12-02,600519.SH,64.25817451497556,64.36094072542251,63.92488536581188,64.25046861538465,10467031
2024-12-03,600519.SH,64.07175326319971,64.42145076378345,63.92305213978123,64.10308054843634,35800460
2024-12-04,600519.SH,63.6029842016038,63.88792872156345,63.47280580272986,63.649919548301895,35652255
2024-12-05,600519.SH,64.01976973930324,64.24678470504354,63.84340009671842,64.07729206546354,3198840
2024-12-06,600519.SH,64.82306982600916,64.84010580143119,63.492126518885286,64.36865522742828,29395173
2024-12-09,600519.SH,62.979058297490596,63.238522027561224,62.77843777308759,63.1520469861963,10669562
2024-12-10,600519.SH,61.11462274995373,61.262966741027405,60.100725833950534,61.130014586816436,13159896
2024-12-11,600519.SH,60.65532550197019,61.15318421709253,60.34793424526248,60.85054596567887,44709123
2024-12-12,600519.SH,60.42721106684138,60.612932306939356,60.23946078046342,60.32631223427837,15116810
2024-12-13,600519.SH,59.82067376099331,59.78551938764262,59.329230421831504,59.71952489146193,48696876
2024-12-16,600519.SH,59.64064857584903,59.788717582153815,59.34178146167569,59.68369786077321,18377305
2024-12-17,600519.SH,59.91041255013906,60.32924965451959,60.01283476613316,60.10533541068542,9079307
2024-12-18,600519.SH,59.24786766992258,59.51191660124539,58.89870059783526,59.136302995574155,31552548
2024-12-19,600519.SH,60.05557488231405,60.51011697916303,59.201033012040774,59.847628632304485,13291905
2024-12-20,600519.SH,58.58655283025306,59.243624662356154,58.778766915691534,58.888626051192446,8829153
2024-12-23,600519.SH,58.49543223365969,58.77190512310075,57.918682586996454,58.649863284887914,7779412
2024-12-24,600519.SH,58.76748893311913,59.008212800203616,58.34626896067914,58.806966851371826,25371670
2024-12-25,600519.SH,59.506211748400005,59.81634802984072,59.49784737703044,59.5305674842744,15060385
2024-12-26,600519.SH,60.798159966410296,61.55903616356079,60.127031400606214,60.808455183652164,47313678
2024-12-27,600519.SH,61.33841834254475,61.92435916525765,60.93064318827888,61.23072022993495,18599661
2024-12-30,600519.SH,61.05044627112049,61.83402372041021,60.696425785197285,61.123263912653684,18700229
2024-12-31,600519.SH,61.50642729073359,62.0280952136444,61.39409337154249,61.52852856609776,39656775
2024-01-02,300750.SZ,50.45459909010076,50.66458573354167,50.217681592554904,50.449173938399426,3156813
2024-01-03,300750.SZ,50.67061557462771,50.729930755935314,50.39757245657447,50.70497814049685,36011284
2024-01-04,300750.SZ,51.425359568844414,52.11157484769534,51.23229583360229,51.54500213491071,19091020
2024-01-05,300750.SZ,50.22027148129368,50.924887525213784,50.106607127836384,50.25218052821634,27908190
2024-01-08,300750.SZ,49.68057859971697,50.16266175634304,49.86222223327709,50.01748285152783,15455560
2024-01-09,300750.SZ,50.04241346870821,50.27523490644692,49.85036274702541,50.26757400459129,39203463
2024-01-10,300750.SZ,50.94140958733891,51.40063888775555,50.963129382367455,51.06125276620871,39469388
2024-01-11,300750.SZ,51.236470650799376,51.86747395259602,51.07358084511414,51.18730092356758,22536601
2024-01-12,300750.SZ,51.65108006679878,52.32462909179121,51.98466585445218,51.98665536199161,7477891
2024-01-15,300750.SZ,51.86954500917815,52.27346687298005,51.654877547133324,51.93374719277482,32707235
2024-01-16,300750.SZ,51.6753707181135,51.59661850398103,51.256459988511516,51.56195509437994,39408529
2024-01-17,300750.SZ,50.32089086042553,50.512516167491725,50.06832408669687,50.3326201633844,17130041
2024-01-18,300750.SZ,51.08651391275185,51.31120163211165,50.9745747010376,51.221163026105486,33814087
2024-01-19,300750.SZ,54.492886381712296,54.65686228228077,54.2685134133634,54.30753727122107,10978711
2024-01-22,300750.SZ,52.886492253608196,52.97640077178957,52.58862221769794,52.741837367816835,41903777
2024-01-23,300750.SZ,52.50117309541706,52.78530515774388,52.28004583921672,52.333336027346,6094944
2024-01-24,300750.SZ,51.40522788072776,51.67236807489779,51.11683037607174,51.428757703386076,31252951
2024-01-25,300750.SZ,51.53706722726771,51.73602769009541,51.49873026181756,51.62592819063816,40365753
2024-01-26,300750.SZ,53.26767813708262,53.834139387156874,53.47625696124692,53.4775862248782,9032921
2024-01-29,300750.SZ,53.025632701093,53.217114107473684,52.7484256195251,53.10535013120986,4316215
2024-01-30,300750.SZ,54.232546077261716,54.303398033483205,53.954505233968824,54.28723071372006,9390670
2024-01-31,300750.SZ,54.372124872709044,54.58044585226009,53.92027637067709,54.380126823935505,1729053
2024-02-01,300750.SZ,53.525157366901816,53.730815527150995,53.17284299999615,53.35520966497079,19530869
2024-02-02,300750.SZ,52.44356897151287,52.54277949892587,52.407954499467685,52.41997631560372,41446057
2024-02-05,300750.SZ,53.42485237717797,53.485154980968936,53.36372698493896,53.418559371692666,27839588
2024-02-06,300750.SZ,52.95932142662309,53.3606563622593,53.01106942157269,53.127463221018914,35886132
2024-02-07,300750.SZ,54.375514558539365,54.54366862708354,54.32043425323462,54.530925694439134,43817516
2024-02-08,300750.SZ,54.930194688146884,55.10867411232385,54.850403990307356,54.95807576007054,28244627
2024-02-09,300750.SZ,55.391463553009544,55.50256002274245,55.07945507909096,55.32539703953569,20036984
2024-02-12,300750.SZ,54.257693069872204,54.58686718585452,54.14219869786926,54.19453111629537,44828509
2024-02-13,300750.SZ,53.78500714597797,53.903648048198974,53.832602437247814,53.84387190752652,34976614
2024-02-14,300750.SZ,52.026614835576055,52.64890040250847,52.01565996032698,52.08394609229872,36447682
2024-02-15,300750.SZ,52.2336494744571,52.7375298407828,52.14532955889652,52.57363709971552,17907886
2024-02-16,300750.SZ,52.75483241435841,52.959590647090955,52.210752613513726,52.43819997757182,33467044
2024-02-19,300750.SZ,53.7988424951883,53.94954790595384,53.7831271642729,53.8251022901626,4775117
2024-02-20,300750.SZ,53.047760326424616,53.455923574660616,53.05603312157508,53.24669569949821,33951665
2024-02-21,300750.SZ,53.310149251505116,54.10584844116746,53.36338011483957,53.502749835340325,19935526
2024-02-22,300750.SZ,53.020639991709345,53.10935731336158,52.63153621697779,53.02937313685071,22342465
2024-02-23,300750.SZ,53.82404583598453,53.97217484302721,53.42252698377521,53.928998024040794,40849133
2024-02-26,300750.SZ,52.79104803974965,52.94273508176554,52.12512732027848,52.78029686690553,8653115
2024-02-27,300750.SZ,52.590669239470074,53.21859330030479,52.55367457687725,52.82690793212536,11970374
2024-02-28,300750.SZ,52.38732018847941,52.451428239628406,52.28280611700576,52.41629019562931,37337684
2024-02-29,300750.SZ,50.551641871815775,50.62330961667583,49.87264948395858,50.37069241394156,17725718
2024-03-01,300750.SZ,49.456142917529405,49.69564368106214,49.512547343102476,49.55398015764647,25181744
2024-03-04,300750.SZ,50.586104606049,50.95356136639066,50.358099691370285,50.743877560613605,38292311
2024-03-05,300750.SZ,51.565555431901096,52.15884811349723,51.67301847000658,51.73659760569769,28509994
2024-03-06,300750.SZ,51.48048493384373,51.83630810340201,51.5792041051774,51.6132413881292,45929041
2024-03-07,300750.SZ,52.98185090808192,53.394883492397696,52.87960308154573,53.039624330996915,30360859
2024-03-08,300750.SZ,53.660274363254466,54.05391185944379,53.097751755153624,53.48167963635905,19459154
2024-03-11,300750.SZ,54.35362823712544,54.3345624117253,54.1319309367882,54.19408319473739,30800099
2024-03-12,300750.SZ,53.94807944499567,54.54734393032789,53.99238563430976,54.20889550223755,22933348
2024-03-13,300750.SZ,53.40824382450568,54.2536869277941,53.1586927120034,53.45335866949067,34473052
2024-03-14,300750.SZ,53.16748865678291,54.02107286787655,53.16963961707959,53.36703360366716,21696541
2024-03-15,300750.SZ,54.69053125564754,55.07031728522439,54.6440792344025,54.73674760678977,22168240
2024-03-18,300750.SZ,54.3390319379814,54.77986585650738,54.339743708029594,54.480859225940826,14620237
2024-03-19,300750.SZ,52.00807349089545,52.56513623425368,51.497874979452824,51.926838927809385,9128911
2024-03-20,300750.SZ,52.22974977021961,52.42563756164488,52.17852761493896,52.262389262640205,26347651
2024-03-21,300750.SZ,51.95841997521208,51.79257711741045,51.64412371383532,51.77674034245142,3781465
2024-03-22,300750.SZ,49.43120810502755,49.4636606754541,49.1033597344351,49.408243442944396,21222902
2024-03-25,300750.SZ,49.37114284829789,49.29898698886408,48.64951873648438,49.143168184184574,42003696
2024-03-26,300750.SZ,48.88201217123645,49.18574687469935,48.79895621068833,48.8723672596346,26133818
2024-03-27,300750.SZ,48.67056859340859,48.88930449362321,48.60524772448734,48.80320703933065,18129537
2024-03-28,300750.SZ,49.44202347244618,49.59814837269099,48.918555583660435,49.2215258400095,16460550
2024-03-29,300750.SZ,48.89495375331237,49.12321513700888,48.79179379988948,48.92965016718519,48071747
2024-04-01,300750.SZ,48.707695381474664,49.059134956693725,48.197825278077886,48.99848526050401,37794821
2024-04-02,300750.SZ,48.269963465459135,48.31485116040451,47.752157546343255,48.213399352426265,21366801
2024-04-03,300750.SZ,47.36240606165813,47.75512782163574,46.98907524636287,47.205211095626915,35278107
2024-04-04,300750.SZ,47.101506555360665,47.570381495160845,47.054432148106116,47.221555974207014,37639079
2024-04-05,300750.SZ,46.73084858402517,46.99365242149797,46.536804328606046,46.77044920582789,47219366
2024-04-08,300750.SZ,46.331815647860076,46.44771771432928,45.94211688829713,46.24745938597583,15087416
2024-04-09,300750.SZ,45.4837632804023,45.518825200829255,45.39458709358705,45.48396119510369,30143623
2024-04-10,300750.SZ,45.451104999536405,45.79783875437198,45.36852522540578,45.454683324251235,26111487
2024-04-11,300750.SZ,44.05142060168143,44.37920921772554,44.23689491587345,44.26921635981151,39583286
2024-04-12,300750.SZ,43.50701283809552,43.728014952591636,43.65870551579097,43.66199696700643,3971129
2024-04-15,300750.SZ,42.759758297673955,42.94987873138237,42.856347126076976,42.94320373079808,48430037
2024-04-16,300750.SZ,44.200413891155016,44.20385461257451,43.8873061387891,44.08974309760315,44671502
2024-04-17,300750.SZ,44.45484666201635,44.571503627174096,44.191868041231274,44.42586885085771,7829455
2024-04-18,300750.SZ,44.48342458165619,44.76450195189888,44.285317724123324,44.504382513278436,13952213
2024-04-19,300750.SZ,46.04019043909057,46.67168847528928,45.623110313617595,45.90730794590453,16554826
2024-04-22,300750.SZ,44.925281401831086,44.99932775394281,44.61809066167281,44.71115352362324,35360278
2024-04-23,300750.SZ,45.03620704934315,45.1708989742466,44.77279440301362,45.01557644946308,31679309
2024-04-24,300750.SZ,45.77971471855972,46.00034657650118,45.6494713685589,45.9495602920684,35154742
2024-04-25,300750.SZ,45.77564734936828,45.85615420357262,45.72010634498863,45.80290592046005,10358405
2024-04-26,300750.SZ,45.14075733297289,45.62594361901432,45.40015143249451,45.44091039505334,40868690
2024-04-29,300750.SZ,44.99391303558164,45.408789029902074,45.04870339127152,45.0902798326404,45863190
2024-04-30,300750.SZ,45.31379176519513,45.36133622499495,44.874157575714335,45.33223959272766,23609136
2024-05-01,300750.SZ,45.278259354435576,45.80986414397036,45.29781323024318,45.50899981036777,2265340
2024-05-02,300750.SZ,45.192966323007944,45.40254240795132,44.84678651356994,45.17078109730422,46220728
2024-05-03,300750.SZ,46.217305664094404,46.20025841442479,45.84223025920095,46.11292541444607,45036340
2024-05-06,300750.SZ,47.017190423298906,47.276272339371054,47.04988186340694,47.11321199327197,35993579
2024-05-07,300750.SZ,47.59046748012686,48.37333875622318,46.93486691166734,47.68022326324914,37952255
2024-05-08,300750.SZ,46.27272113761597,46.25068451396353,45.80163948868449,46.162452832484774,13896032
2024-05-09,300750.SZ,46.28553689824447,46.41566946153305,45.804953162340794,46.223621359833814,38732436
2024-05-10,300750.SZ,46.253364974349864,46.69756954523042,45.756562793159155,46.07961140742169,10083078
2024-05-13,300750.SZ,45.24472930825626,45.13145034025167,44.79938970286653,45.09253001429466,49755051
2024-05-14,300750.SZ,45.254436361227256,45.69289488350022,45.431892945554054,45.44211009875095,21848474
2024-05-15,300750.SZ,44.43538860012007,45.05436230073062,44.25352749821876,44.52408361807076,21326761
2024-05-16,300750.SZ,45.016848128635395,45.339508367987996,44.99490673014383,45.166481413064254,15532926
2024-05-17,300750.SZ,45.89159011305442,46.01034506007733,45.72672984243979,45.93477305591854,13228678
2024-05-20,300750.SZ,45.616417523009154,46.32181153748459,44.96374075976254,45.84022207059749,47449497
2024-05-21,300750.SZ,47.15673515244434,47.24699349865884,47.179742069316134,47.181100136600016,8811053
2024-05-22,300750.SZ,46.10254669906289,46.653069202538155,46.11955251837603,46.14681520505308,22513216
2024-05-23,300750.SZ,47.62352063810183,47.71790739859212,47.22130079493906,47.532711009865466,1560040
2024-05-24,300750.SZ,47.94759082246853,48.102687526148195,47.552802777281045,47.73733836558412,27387446
2024-05-27,300750.SZ,47.81620487576504,47.62596440901496,47.29833504443083,47.584062577291604,41194076
2024-05-28,300750.SZ,47.08852226975179,47.832671233996095,47.081114489525085,47.41218858928418,36182735
2024-05-29,300750.SZ,48.839413183489334,49.30253019689772,48.353986913362576,48.80862214293753,43900107
2024-05-30,300750.SZ,48.875863769738054,49.48419953786946,48.83039456026075,48.87750650003817,2776073
2024-05-31,300750.SZ,48.40175400818707,48.90159829483674,48.51344817836008,48.61366720197933,22436775
2024-06-03,300750.SZ,50.90885703876876,51.14673400675068,50.24728773784737,50.67948525095534,10824395
2024-06-04,300750.SZ,50.77697843811036,50.89964659042477,50.24616971253124,50.844452180734976,18217629
2024-06-05,300750.SZ,53.08323350317466,53.55952647292109,52.23702061544485,52.989708530970304,22019087
2024-06-06,300750.SZ,53.02623582979569,53.06669533560475,52.74801653672631,52.85993759879409,29826392
2024-06-07,300750.SZ,53.34110675651851,53.45532639029133,53.26260529317402,53.37666854200952,27784765
2024-06-10,300750.SZ,52.74571035682116,52.55346899966414,52.45219561424421,52.48742675872401,1773067
2024-06-11,300750.SZ,51.44961820838646,52.119039724130744,51.3738298521851,51.76857307370152,41961461
2024-06-12,300750.SZ,51.829925570773256,51.914569820989236,50.90947765292801,51.64406281644938,20225686
2024-06-13,300750.SZ,50.01823686697753,50.30706281598681,50.16906280167905,50.215550027093684,14006171
2024-06-14,300750.SZ,49.85856178930976,49.766267419558474,49.44473534711683,49.728141883678894,11477768
2024-06-17,300750.SZ,48.71371039150323,48.92804718773832,48.575901292716146,48.858182240881156,20825413
2024-06-18,300750.SZ,48.37232489445266,48.48875952566422,48.41964323766781,48.423172841698765,14668821
2024-06-19,300750.SZ,49.44848450973806,49.56637028101354,49.247710014599626,49.32746912400861,6025347
2024-06-20,300750.SZ,49.2623147413489,49.57599532764038,49.03858534143004,49.13036978681923,38525521
2024-06-21,300750.SZ,49.075987557243785,49.10452329866957,48.64006090708929,48.80927781759569,2094783
2024-06-24,300750.SZ,48.22091112441065,48.08766619834646,47.75529473004335,47.99181771480653,3999301
2024-06-25,300750.SZ,48.25512043121731,48.6973075516603,48.12665562818533,48.39135534485433,1200685
2024-06-26,300750.SZ,48.55042826696233,48.7588377926461,48.566779248485844,48.59126690864729,31816697
2024-06-27,300750.SZ,50.007826015196656,50.54372109185507,49.479957585072306,49.87974096193016,3972856
2024-06-28,300750.SZ,50.30639319852154,50.448482856851896,49.873645229361664,50.276698674349305,21654885
2024-07-01,300750.SZ,51.00955025875272,51.21036847089442,50.74043043952727,51.110358391709156,1068972
2024-07-02,300750.SZ,51.42639675259393,51.63133109914275,50.87461384334344,51.392312963343066,49951760
2024-07-03,300750.SZ,52.959434234251766,53.16704107516974,52.49182488648211,52.83367662617834,1978848
2024-07-04,300750.SZ,51.659871030900845,51.77712568201493,51.158245400673536,51.51704785162686,30357828
2024-07-05,300750.SZ,52.14919811159641,52.484106777918804,51.61425557928991,51.910941908992626,47773769
2024-07-08,300750.SZ,50.90027694876147,51.61669224964957,50.81295543704746,51.018296643318216,10125388
2024-07-09,300750.SZ,49.62672267678163,49.69301444607298,49.526327437306186,49.62915177633806,40727583
2024-07-10,300750.SZ,49.582399811848035,49.55375178119276,49.46019936796247,49.5083930127317,31567567
2024-07-11,300750.SZ,48.44073755987014,48.87840160505743,48.61560946801833,48.63698385817034,2969705
2024-07-12,300750.SZ,49.27565355073534,49.60165796782446,49.30861556996743,49.36387433037204,41579062
2024-07-15,300750.SZ,49.49383429118628,49.763346581180784,49.05866775288916,49.54661563861647,5863115
2024-07-16,300750.SZ,48.696570534367474,48.91568565739278,48.66532042160903,48.86891725595158,1723610
2024-07-17,300750.SZ,48.013943154135774,48.4696499632955,47.956433340962896,48.216190518423524,33526423
2024-07-18,300750.SZ,49.042423915899164,49.0928335080472,48.440593844226505,48.856075883334825,49738547
2024-07-19,300750.SZ,48.748986415761266,48.988294089791964,48.68220760354845,48.96845819508243,39498527
2024-07-22,300750.SZ,50.23634628421982,50.15949290409948,49.80942747205599,50.077202238056664,19755849
2024-07-23,300750.SZ,49.564406938892915,49.465864260425526,49.122507804998136,49.465006689508414,47556717
2024-07-24,300750.SZ,51.43648500851234,52.17296078586315,51.54853908331569,51.56271857520179,20208351
2024-07-25,300750.SZ,51.05433292974977,51.140295443298754,50.28100265355203,50.935664584039195,23044889
2024-07-26,300750.SZ,48.89421312425303,49.03272477465273,48.770762652076286,48.99542215871808,45164904
2024-07-29,300750.SZ,49.068579860773106,49.3540163715456,49.008422639734675,49.12092680283569,9644582
2024-07-30,300750.SZ,50.54530028497757,50.91365266396579,50.451414062657825,50.62794173756331,13186559
2024-07-31,300750.SZ,49.88023267095506,50.22574084172511,49.85018110820134,49.978869132200956,14761303
2024-08-01,300750.SZ,48.95179480521299,49.05278048909463,48.51526756559736,48.80211087567279,25863061
2024-08-02,300750.SZ,46.87879912924625,47.101200827207904,46.835334441390536,46.85354849765622,18482310
2024-08-05,300750.SZ,45.94515206489858,46.2836645155568,45.80496060670599,45.86118323083739,5166491
2024-08-06,300750.SZ,45.695882345488165,45.75961704105827,45.142932313224634,45.65347389562059,17062180
2024-08-07,300750.SZ,46.07005951111604,46.136321840696105,45.61101048103602,45.64280716784582,2422651
2024-08-08,300750.SZ,45.766710282431234,45.91227640129169,45.780795444583504,45.90947346339741,20529433
2024-08-09,300750.SZ,47.15643822057385,47.105200075836265,47.03149663746117,47.07538280313225,36437870
2024-08-12,300750.SZ,46.48323148082792,46.47694602433252,45.992762507521206,46.25492225138751,11682209
2024-08-13,300750.SZ,46.819286273566256,46.99649357925131,46.74214438688606,46.907601918599426,7218631
2024-08-14,300750.SZ,46.78952254847939,46.865284791479986,46.475052891721965,46.786226884227595,24468786
2024-08-15,300750.SZ,48.319524849063356,48.38435157561814,47.79087392552424,48.07424795426798,10503225
2024-08-16,300750.SZ,48.645802599245016,48.37834834451902,48.02284076858901,48.334828066691834,9008206
2024-08-19,300750.SZ,48.89798492528052,49.05663042602439,48.45589335908804,48.66588077912334,31874209
2024-08-20,300750.SZ,49.32450665578233,49.58325420863854,48.76785003502779,48.97620881787657,44305864
2024-08-21,300750.SZ,48.44222591373161,48.530815959281796,48.01551410005957,48.36406157723269,31977397
2024-08-22,300750.SZ,47.58191304344285,48.16560464102369,47.18414239352579,47.54213439081945,5230513
2024-08-23,300750.SZ,47.71434877358627,47.53447546345403,47.43362285071817,47.526446968343265,35785937
2024-08-26,300750.SZ,46.922965465170904,46.80701086833801,46.597101792850005,46.66466331097139,45751746
2024-08-27,300750.SZ,47.87961738296576,47.9965327828489,47.20036996953141,47.96419904484227,9190676
2024-08-28,300750.SZ,47.09930392004494,47.243696764442895,46.769068087741196,46.787094415692096,12108685
2024-08-29,300750.SZ,47.02251038701511,47.42990621181058,46.6311778720124,46.964986062789876,32705749
2024-08-30,300750.SZ,47.061407940210636,47.508461948786106,47.13339448649402,47.179495198733285,26231636
2024-09-02,300750.SZ,46.98632433819089,47.02934032568776,46.65543775295076,46.74122089585067,44206448
2024-09-03,300750.SZ,46.43589791976662,46.57768862041343,46.36216360116598,46.44554141861746,18497620
2024-09-04,300750.SZ,46.500417971855846,46.9779298201537,46.57295958537153,46.601626686763964,31288395
2024-09-05,300750.SZ,47.5127601701275,47.685235651234954,47.32260218749325,47.37585140285957,8900844
2024-09-06,300750.SZ,47.45688490349205,47.70663414116395,47.26248214544865,47.51187210181987,49674272
2024-09-09,300750.SZ,47.68966116312439,47.97118890662497,47.61802827379099,47.81329517941003,6571295
2024-09-10,300750.SZ,48.07988994028078,48.414708920952144,47.83349452712091,47.860667692482934,11066156
2024-09-11,300750.SZ,50.04456436187813,50.690003845491404,50.053328857341995,50.23006520556401,23377139
2024-09-12,300750.SZ,49.18626656486733,49.309871692924645,48.94867214696386,49.17355800779174,33012352
2024-09-13,300750.SZ,47.34440248586898,47.306089221294286,47.118728623817994,47.164818633222424,6080098
2024-09-16,300750.SZ,48.45503666940793,48.67094624465948,48.376998967245015,48.378085388191316,44036055
2024-09-17,300750.SZ,49.307104535890716,49.62118583708641,49.08691745109832,49.46131501889408,27872984
2024-09-18,300750.SZ,49.70341443191453,50.11817487137679,49.589751624484464,49.77095066293832,30183645
2024-09-19,300750.SZ,48.46672461194285,48.66916513881398,47.77114193029322,48.55490484936105,24048739
2024-09-20,300750.SZ,49.91379757355448,50.35604948250503,49.60121815854058,49.77662232915113,40987466
2024-09-23,300750.SZ,50.38690681474494,50.71213894429359,50.40142916827464,50.56273032155566,30662340
2024-09-24,300750.SZ,51.59932701626118,51.30633584176582,51.02510507557726,51.23183526360664,25978483
2024-09-25,300750.SZ,52.442043734136014,52.50727553111325,52.17699367835033,52.4817737132382,23990785
2024-09-26,300750.SZ,51.964483576621475,52.39935895212636,51.8694391970833,51.97459771864538,40782661
2024-09-27,300750.SZ,50.79988720581733,51.15958240103566,50.96765870934876,50.996397230396525,14636922
2024-09-30,300750.SZ,51.19995007101098,51.46714205681453,50.993635607485835,51.1510746606556,20338173
2024-10-01,300750.SZ,50.992834441067586,51.41137689951163,50.56462863751493,51.055532696895824,22896001
2024-10-02,300750.SZ,50.37583923587625,50.66006877264622,50.25043411604133,50.461352427277596,25637779
2024-10-03,300750.SZ,50.310779516623406,50.62349067556829,49.926389435841415,50.56316131481696,47679418
2024-10-04,300750.SZ,49.704676297433046,49.752858277485295,49.011268514159866,49.48291990224807,23473469
2024-10-07,300750.SZ,49.38181871692045,49.5773374131391,48.79718633101819,49.366545665098826,24012087
2024-10-08,300750.SZ,50.02800223896896,50.87239768366065,50.02454705360329,50.20706004023901,46540066
2024-10-09,300750.SZ,48.8456330090203,49.14158077521199,48.8805139305757,48.93948280865765,42014964
2024-10-10,300750.SZ,48.30577619134133,48.43798773917883,48.167278435676145,48.187796730851865,44147439
2024-10-11,300750.SZ,47.301903758556634,47.31352102967254,46.69845157458666,47.31062314222539,38974780
2024-10-14,300750.SZ,45.92053721306974,45.94465519465117,45.80933166893772,45.85775258327976,7215392
2024-10-15,300750.SZ,45.882566662077025,46.44270901318328,45.42821706927493,46.03803756385405,19354412
2024-10-16,300750.SZ,46.005810654523025,46.20795478046968,45.85123538759425,45.86295307720509,15010184
2024-10-17,300750.SZ,44.78250593007076,45.33721523002774,44.833503591049734,44.99751400815511,29201691
2024-10-18,300750.SZ,45.36291308311916,45.48672051280412,45.31803991974078,45.37940130835626,12101954
2024-10-21,300750.SZ,44.61670080519861,44.961794285659785,44.62752491003366,44.870291081494074,10048660
2024-10-22,300750.SZ,44.9726777208145,44.985850011527184,44.7059382871276,44.91775384406171,44303294
2024-10-23,300750.SZ,44.52007359053881,44.48415808999789,44.304470460421435,44.45762773639193,41473146
2024-10-24,300750.SZ,44.6629881697723,44.942550234649325,44.51581724059581,44.66751648300737,6364992
2024-10-25,300750.SZ,45.5215574537913,45.5738369215237,45.406969593322344,45.45074117874423,26999170
2024-10-28,300750.SZ,44.49084622775033,44.60188507476188,43.94380124027939,44.374135859903234,35808661
2024-10-29,300750.SZ,44.24686175192105,44.62379659433769,44.24290296527479,44.392865120230745,41998692
2024-10-30,300750.SZ,44.022694949678325,44.08504630836888,43.69044636916311,44.08203715569346,11877660
2024-10-31,300750.SZ,43.47568162606129,43.95526637441737,43.58338193988501,43.60888227309015,45962107
2024-11-01,300750.SZ,43.58297465801782,43.97443960180603,43.19994422157452,43.43616866896564,2175463
2024-11-04,300750.SZ,42.702499877508544,43.43651505022468,42.89957222980738,42.969112879221555,19245699
2024-11-05,300750.SZ,43.642732918809074,43.82997361879815,43.495093098488034,43.80176361389449,43381512
2024-11-06,300750.SZ,43.495579775017106,43.80043911180486,43.5853406313369,43.597262447048074,44329004
2024-11-07,300750.SZ,43.28715625288246,43.811025466943434,43.00157435803998,43.34929192997398,7703845
2024-11-08,300750.SZ,44.76687339635511,45.33229398563282,44.50675650598901,44.58004300699908,12419599
2024-11-11,300750.SZ,44.91417598555425,45.356688088200364,44.97215007023249,45.060541709809435,35221584
2024-11-12,300750.SZ,44.519033639777675,44.904905998357854,43.87043530773064,44.55681622017451,8979448
2024-11-13,300750.SZ,44.246210470844495,45.02685399691359,43.81151732576247,44.243543133686494,35178328
2024-11-14,300750.SZ,44.419725894602394,44.39510578530726,43.87190366392366,44.33229886180802,1953088
2024-11-15,300750.SZ,44.06265600548699,44.32762751024973,43.99196501476714,44.07556966788636,3350782
2024-11-18,300750.SZ,43.596372402482174,43.795291580766516,43.20969208886437,43.56663205686674,15677287
2024-11-19,300750.SZ,43.409686900916505,43.456117098804654,43.323318470458545,43.406444901618094,26882125
2024-11-20,300750.SZ,42.768204531942466,42.95502007464815,42.579086497701816,42.73498617948497,48325910
2024-11-21,300750.SZ,43.866996552057955,44.01488189224239,43.664689490964506,43.84467378644408,36357489
2024-11-22,300750.SZ,44.55767157170306,44.85218419786782,44.34525376910525,44.782127584550686,11085483
2024-11-25,300750.SZ,44.139067721371816,44.18881952435264,43.98278351821944,44.11144235802207,41415711
2024-11-26,300750.SZ,44.7263084269787,44.87041726171509,44.74730439410199,44.747924555320616,46925421
2024-11-27,300750.SZ,44.398761006637066,44.65492264360922,44.158054079725524,44.433185384254934,12949031
2024-11-28,300750.SZ,43.58247226496604,43.961975520123744,43.13319794694364,43.51597352984705,17536291
2024-11-29,300750.SZ,43.49912784432846,43.45625882153119,43.22731871927784,43.37379096962801,35625360
2024-12-02,300750.SZ,44.11288308826278,43.952134589669484,43.432483757813536,43.93050744699166,9924381
2024-12-03,300750.SZ,44.93862493848986,45.0411975032695,44.799348453415256,44.90915795713953,27827110
2024-12-04,300750.SZ,44.764575194252615,44.8016913866923,44.25594919782984,44.77102221593719,27473370
2024-12-05,300750.SZ,44.702285302184805,44.68382491341737,44.46401857475286,44.66702623024163,4131290
2024-12-06,300750.SZ,45.08971349495632,45.41114121514191,45.19153122280577,45.281756570412924,23578058
2024-12-09,300750.SZ,46.07036617714308,46.17623696850071,45.76692138409515,46.11948692651133,32273054
2024-12-10,300750.SZ,44.608964469815106,45.35846538694279,44.644572065810685,44.76092738614362,40830952
2024-12-11,300750.SZ,45.964354767296626,45.905697605201915,45.17718636178625,45.67759640496339,43008019
2024-12-12,300750.SZ,44.88634975730905,44.91100281913813,44.18114484386442,44.75888798531052,44089871
2024-12-13,300750.SZ,45.641334046285365,45.86497333112049,45.49647062523267,45.592896580315205,32762237
2024-12-16,300750.SZ,47.016853222162204,46.8264758195182,46.6215497121431,46.82176087229843,5144767
2024-12-17,300750.SZ,47.04827307529705,47.345101563257174,46.80126898478253,46.86594770703013,13019044
2024-12-18,300750.SZ,46.297323355119154,46.491222180703765,45.75134986023724,46.24726141984608,16607219
2024-12-19,300750.SZ,46.124452968629015,46.234664213233074,45.777751990318315,45.97584541402229,6713871
2024-12-20,300750.SZ,46.9836067001257,47.09522103129887,46.90048982772663,46.92278942611221,34997634
2024-12-23,300750.SZ,46.41041869786276,46.32354399771938,46.235310241403184,46.23566634855498,38101650
2024-12-24,300750.SZ,44.80992720116389,44.89496078428306,44.56508930334094,44.84573880298999,40720343
2024-12-25,300750.SZ,45.24226906817067,45.39245934064665,45.070539797982356,45.2198797265488,11914721
2024-12-26,300750.SZ,45.26366175230546,45.34582191563196,45.041114561895924,45.20459298290645,1545497
2024-12-27,300750.SZ,44.801302960162815,45.27402885533193,44.329495483938516,44.683316602603476,40883419
2024-12-30,300750.SZ,45.31799299541972,45.6496067844211,45.280511128820486,45.411013967736686,45884397
2024-12-31,300750.SZ,46.13995936434,46.75108676741462,45.92849451136665,46.090784717892376,30758585
2024-01-02,600276.SH,49.017926827274,48.93133184784692,48.654306723725924,48.915990744804695,21933175
2024-01-03,600276.SH,47.36379261250214,47.607824123318544,47.20455464864065,47.478699629635564,26735178
2024-01-04,600276.SH,47.54099317361515,47.86311647572635,47.546417646455716,47.61225554005117,32545274
2024-01-05,600276.SH,46.310741769393715,46.45475866350554,46.22741996093862,46.25856910720396,48486231
2024-01-08,600276.SH,46.37949774066993,46.5717530640856,45.86647012544595,46.48260644158808,38102417
2024-01-09,600276.SH,47.29051197270048,47.797421294950794,47.08518791495343,47.497008745609136,28171196
2024-01-10,600276.SH,47.52189298182024,48.073793841876764,47.73369126224225,47.78464370669501,11646269
2024-01-11,600276.SH,47.571968389153255,47.85768555126159,47.722697240756034,47.8012343801918,24117640
2024-01-12,600276.SH,49.117877342852374,49.052511656463125,48.70212783726897,48.99676108788833,43090020
2024-01-15,600276.SH,49.39556426234092,49.43883994214233,48.709647935340854,49.40008202065203,30904343
2024-01-16,600276.SH,49.85127683026718,50.09213290529024,49.775032507803154,49.944816324444744,33098384
2024-01-17,600276.SH,50.30293831989614,50.51633436357139,50.38931374485025,50.390514901563236,30044719
2024-01-18,600276.SH,47.78397499758179,48.12980846489443,47.955380611349845,47.98574062760093,41281616
2024-01-19,600276.SH,47.2746400401788,47.7546027202652,47.21624090322209,47.34856146565804,47183328
2024-01-22,600276.SH,48.69823432334741,48.85492171278775,48.49608668921885,48.73551651121081,49474559
2024-01-23,600276.SH,47.98978428930232,48.22741960566456,47.27138258954247,47.902973071626384,36577447
2024-01-24,600276.SH,49.00697754896081,48.94930972796169,48.518616772988466,48.54877051079452,8283340
2024-01-25,600276.SH,48.0439739951461,48.397330425044764,47.86946509180886,48.00492627373556,36052312
2024-01-26,600276.SH,47.9727787910478,48.349302762851316,47.742214887503295,48.07161488823814,21386833
2024-01-29,600276.SH,46.72962688946876,46.853077368191514,46.06072348997497,46.6602336485205,25053189
2024-01-30,600276.SH,45.81243601955956,46.14088334441766,45.34512143625736,45.7650277132097,8537405
2024-01-31,600276.SH,45.62196198135199,46.01652903337249,45.43258387013217,45.76814776744745,34724401
2024-02-01,600276.SH,45.88568052312881,46.09005694602836,45.80464057115127,45.94558217276792,30296161
2024-02-02,600276.SH,44.83301827006565,45.100037168318636,44.597619961619635,44.84796802761866,38260672
2024-02-05,600276.SH,43.35223584320395,43.56535770995175,43.34949951996388,43.44959415304278,14811900
2024-02-06,600276.SH,43.99457276759909,44.287219636538296,43.783369201003744,44.011915075899815,43844123
2024-02-07,600276.SH,44.710394350128404,44.67940693277307,44.357424622133195,44.5521599702723,21955835
2024-02-08,600276.SH,45.31656370263956,45.43728881345434,44.93378733668092,45.16641739316229,41212932
2024-02-09,600276.SH,46.37277175525915,46.503781184067236,46.306461701424496,46.45564972736687,28139673
2024-02-12,600276.SH,47.40749182967519,47.63054307877261,47.21766014322242,47.42503583410287,11671743
2024-02-13,600276.SH,48.087983372613486,48.12300350873133,48.0372984484787,48.08511793996142,12975182
2024-02-14,600276.SH,48.773956277785956,48.90572724466536,48.30945954259965,48.808994842458645,39261632
2024-02-15,600276.SH,48.88396822642744,49.191997695080545,48.45217951874522,48.8482142967583,27541458
2024-02-16,600276.SH,48.71006356197827,49.234962931841196,48.66424227771227,48.929742107710375,25284809
2024-02-19,600276.SH,49.5112784212286,49.87176781262437,49.17471221098625,49.510493339089514,35119277
2024-02-20,600276.SH,50.256550023113554,50.51105749606939,49.711402055375885,50.40130256122707,6025203
2024-02-21,600276.SH,52.27612113505168,52.94598149428811,52.08410589424501,52.19664301929823,42834790
2024-02-22,600276.SH,52.55140089886497,52.69039482957411,52.32922355729597,52.63455865806031,23460334
2024-02-23,600276.SH,52.94614904864027,53.26006846090238,52.914288648172466,53.24516687050455,17960745
2024-02-26,600276.SH,54.54454930644595,54.720526886546395,54.08029361278877,54.48589736682603,30318476
2024-02-27,600276.SH,54.637883189668756,55.01312313506793,54.491471569549645,54.820822473380595,18325532
2024-02-28,600276.SH,54.33112266442204,54.6009989723237,53.42914200930488,54.212235010051415,9928193
2024-02-29,600276.SH,53.861720068460535,54.25343783988382,53.79301839335826,54.11881162036429,16676990
2024-03-01,600276.SH,54.29365711918304,54.180669207347485,54.118003201864944,54.15849635599641,44485118
2024-03-04,600276.SH,53.57010543813464,54.00943793258401,53.37223716571913,53.7157053441821,9644286
2024-03-05,600276.SH,53.27647864624227,52.87650057940307,52.7684685950283,52.86389636244174,17917669
2024-03-06,600276.SH,53.98909307793833,54.47961569179644,53.767827788570905,53.914680897594046,25276045
2024-03-07,600276.SH,55.7220572735538,56.0951663938126,54.639807868773964,55.45658118373032,40860761
2024-03-08,600276.SH,54.73788902227726,54.64821431806828,53.868483382761276,54.60322288693874,18796472
2024-03-11,600276.SH,56.77517800428413,57.140369738648346,56.26716123596829,56.72435933488652,23914766
2024-03-12,600276.SH,54.953614609166124,55.58043928019821,55.115924456077984,55.21238592873833,13803731
2024-03-13,600276.SH,55.97323705950335,55.817103362645646,55.50212829088439,55.76244931662,31887891
2024-03-14,600276.SH,56.401720745108754,56.42762180163978,56.05831068358871,56.315033330913565,49922711
2024-03-15,600276.SH,55.55482772590728,55.57199928425307,55.37649524802338,55.54660371516656,1784985
2024-03-18,600276.SH,56.89382891866299,56.812802690191795,56.6285460967544,56.80605803811943,7503277
2024-03-19,600276.SH,56.866622351741604,57.03576793975272,56.73090904550467,56.814161355509974,29505234
2024-03-20,600276.SH,57.04826672455053,57.32308530494578,56.79054329236133,56.92433952633923,36432497
2024-03-21,600276.SH,55.71766567825143,56.220018522602636,55.24258202606078,55.877834001623505,20270773
2024-03-22,600276.SH,53.83059122584636,54.063844421592776,53.660357600212606,53.73679276058398,48732755
2024-03-25,600276.SH,52.58429956269969,53.0364576530562,52.52588119345606,52.691397352188005,25897827
2024-03-26,600276.SH,53.62944578821362,54.508771458099744,53.79120034129787,53.80159151065163,21979079
2024-03-27,600276.SH,52.292639380664475,52.41347909606469,51.92980101650076,52.281071280133304,17791711
2024-03-28,600276.SH,51.51915827218006,52.17230478528637,51.72840164470292,51.73911675844681,44730402
2024-03-29,600276.SH,51.194030581685624,51.398848881966614,50.68639348708497,51.24377334787816,13056566
2024-04-01,600276.SH,49.86061949024945,50.13672214887859,49.75585901529026,49.99111466716775,12189099
2024-04-02,600276.SH,49.77667482915992,49.85495235702774,49.78562977511643,49.83269523469396,17176867
2024-04-03,600276.SH,50.065671827599026,50.148091949385076,49.53470076580166,49.92754247373726,32846726
2024-04-04,600276.SH,50.035149315092596,50.13449046530425,49.728538768530434,49.999192009133246,2238349
2024-04-05,600276.SH,50.890437376195024,51.56163047235114,50.770628577447205,50.89387171671233,18075528
2024-04-08,600276.SH,51.44344323498371,51.48684666073791,51.22772335139504,51.371159097329326,11403729
2024-04-09,600276.SH,53.231099975660804,53.41028022468351,53.00698074357378,53.35064711700366,19196680
2024-04-10,600276.SH,55.075741767372094,55.298639649650205,54.57692840203992,54.93263534326792,47264899
2024-04-11,600276.SH,55.36373676713004,55.45161291775416,55.181150141348574,55.25626082568075,17428923
2024-04-12,600276.SH,55.78426389993417,55.73675221504496,55.17083145263812,55.65713592912708,31139849
2024-04-15,600276.SH,55.52780875369024,55.687250085631334,55.2899951092187,55.6199591326888,40834307
2024-04-16,600276.SH,56.33571799315443,56.51443375509306,56.27005812155981,56.33477130309483,5476462
2024-04-17,600276.SH,56.20479009407381,56.24728160873141,55.57828298989724,56.01271692530014,10899958
2024-04-18,600276.SH,56.29503904680219,56.55890833805582,56.253807135167065,56.25827759560465,7539305
2024-04-19,600276.SH,57.4576104940085,57.448428028842216,57.27697832552661,57.375701604331155,29054473
2024-04-22,600276.SH,58.655369308178344,58.915909322864756,58.57785843782188,58.77837970981281,41848834
2024-04-23,600276.SH,59.77698719377383,60.106102577949024,59.623686212899976,59.906497012684014,20689876
2024-04-24,600276.SH,59.55452587682731,60.47534479777004,59.51916851591397,59.65670915722866,41656306
2024-04-25,600276.SH,59.67221629260431,60.12377088218198,59.8835736535158,59.90518375301672,17199325
2024-04-26,600276.SH,58.686535164779194,59.24086335054179,58.39129623713803,58.619276067963874,10243096
2024-04-29,600276.SH,56.775158623562014,56.80438984675178,56.68090192066051,56.744344746770004,31713103
2024-04-30,600276.SH,56.861432131926776,57.00822529729936,56.57930561058849,56.93949128492963,29174448
2024-05-01,600276.SH,58.90074371597566,59.240436494627815,58.517631759342464,58.66476554824502,10370253
2024-05-02,600276.SH,55.900537427512496,56.8298995279412,56.04289402961098,56.16999906039093,10589680
2024-05-03,600276.SH,55.36307419341316,55.90420326811666,54.80844639454489,55.10869193112589,17606246
2024-05-06,600276.SH,56.3592728250806,56.381969960468176,56.23107386812681,56.24969966624073,18720732
2024-05-07,600276.SH,56.87780861559421,57.45355213903331,56.83634875047816,56.89226270304526,30324552
2024-05-08,600276.SH,57.53735271622603,57.51422450734414,57.092524570291864,57.43139802355385,40646486
2024-05-09,600276.SH,58.07684452492444,57.99605260461238,57.179271382166014,57.75957553398058,3922187
2024-05-10,600276.SH,59.34404551140691,60.01989533450809,59.31936387731389,59.362004213999484,26644311
2024-05-13,600276.SH,59.457308855765255,59.2791614569863,59.056036428633874,59.07440117211329,7332329
2024-05-14,600276.SH,58.92805126868784,59.26285364791132,58.88536977517991,59.06178203821172,18740277
2024-05-15,600276.SH,58.08342426935553,58.960653307323696,58.25695937552819,58.51711068437161,30989345
2024-05-16,600276.SH,57.177098018185255,58.00255618003339,57.16266024523071,57.305517866943944,12671692
2024-05-17,600276.SH,59.9232365187589,59.70735372815318,59.509051115590154,59.573021680434316,28010233
2024-05-20,600276.SH,59.186308162162014,59.02986836787054,58.84783719643969,58.95540668669766,44720945
2024-05-21,600276.SH,57.29879565896523,57.816549442709984,56.818596857182854,57.34997613976389,22000672
2024-05-22,600276.SH,57.79891083743224,58.10161625446863,58.01390748194852,58.0651047985963,34909739
2024-05-23,600276.SH,55.80204771064277,55.91955103371521,55.7899568030447,55.79610537488841,11764245
2024-05-24,600276.SH,56.021843131549716,56.24479289574797,55.90471858870195,56.00612512130976,6616709
2024-05-27,600276.SH,54.19130518007169,54.66311105858751,53.964500683768414,54.20734048313985,45417411
2024-05-28,600276.SH,53.758783555447316,54.24468225309996,54.03299486588064,54.13030408483689,47366179
2024-05-29,600276.SH,54.24315948524116,54.629302919538446,54.11990616596495,54.34077187967118,39795527
2024-05-30,600276.SH,52.87975722085715,53.224781308154085,52.653388689418684,52.830591424250606,23941498
2024-05-31,600276.SH,53.549863544046175,53.55974972579461,53.226507151843336,53.44445347125883,46142824
2024-06-03,600276.SH,54.05186704355037,54.67172192391623,53.95768971005298,54.247145748620206,19781810
2024-06-04,600276.SH,54.6114961450638,54.98657655944704,54.50597068068313,54.76693138085547,35555543
2024-06-05,600276.SH,53.37512526678117,53.43264700352344,52.882704900216474,53.39600083355008,48306436
2024-06-06,600276.SH,55.09611439668055,55.020675912993184,54.8075285342367,54.942498045275634,18725784
2024-06-07,600276.SH,55.091521210918,54.98279755537391,54.68564518247445,54.87942051585759,8518022
2024-06-10,600276.SH,56.35816150331237,56.82919260599181,55.71236690472872,56.482383829882934,31696043
2024-06-11,600276.SH,56.772765951571515,57.22013975914793,56.371720693166964,56.832813625632895,1671058
2024-06-12,600276.SH,58.496787131978124,58.52076441704707,58.06361378285975,58.40088638795263,40676600
2024-06-13,600276.SH,59.33994509581137,59.27835906222269,59.093436381583984,59.267653000985135,5618153
2024-06-14,600276.SH,58.16746761852631,58.48057670958931,58.106295650430404,58.27787959527237,12543955
2024-06-17,600276.SH,59.358725365663574,60.034825898555084,58.96025030628459,59.635937745185366,19102764
2024-06-18,600276.SH,58.89195852761684,59.28579677890573,58.69118581362525,58.996529223797864,32160930
2024-06-19,600276.SH,58.181824061217355,58.86616792415602,58.04920201211575,58.299207643735166,6562562
2024-06-20,600276.SH,57.37736653723995,57.18704565819766,56.480978043270085,57.18189038565077,40112933
2024-06-21,600276.SH,57.655473933230105,58.1597613901785,57.506250482328575,57.74195917184438,46680104
2024-06-24,600276.SH,57.92592690920216,58.6481694287557,57.81678998200087,58.146026241573765,8976166
2024-06-25,600276.SH,58.639592557945626,58.69204489888701,58.350241459748986,58.51718148484534,45445874
2024-06-26,600276.SH,56.64263599029166,56.51764455021048,56.22968333561635,56.49347280886251,39096547
2024-06-27,600276.SH,58.88387431186429,58.760638197274695,57.955352902373484,58.6264428971336,44088529
2024-06-28,600276.SH,59.33978787970103,59.782965232339926,59.28589007828409,59.32822887815,10109427
2024-07-01,600276.SH,59.70198754201262,59.79739752809088,59.453627086999134,59.79587978412885,20273513
2024-07-02,600276.SH,59.789333192165024,59.9632512950682,59.36473869754813,59.84041984961531,29594994
2024-07-03,600276.SH,59.12605305426704,59.545000797862635,59.01676527963081,59.47072398768083,16569577
2024-07-04,600276.SH,60.03028805288663,60.55552240080063,59.987554326732315,60.03227902080762,39369373
2024-07-05,600276.SH,61.40498526978127,61.98457964659026,61.53976460299163,61.642648304622774,7496582
2024-07-08,600276.SH,60.17898095827521,61.16021776178304,59.65567114282098,60.24133846537061,9210223
2024-07-09,600276.SH,60.61406438304835,60.91267683010042,60.48092686770992,60.68187734471978,27937309
2024-07-10,600276.SH,60.15061752513948,60.94086642506185,60.370682110284854,60.487149440536925,34737025
2024-07-11,600276.SH,61.14084513880888,61.526501782271815,60.75169076694891,61.03524991838447,14883077
2024-07-12,600276.SH,59.47193025282928,59.955526813807346,59.50790117957581,59.64741919614206,11473965
2024-07-15,600276.SH,59.58874173003842,59.888209522077986,59.25670590548459,59.53575913254278,49708699
2024-07-16,600276.SH,60.268668001803356,60.601273779745604,60.139762050252685,60.34181217128545,6296458
2024-07-17,600276.SH,62.1646547134841,62.278759835433306,61.90001077040218,62.04173515346607,46158095
2024-07-18,600276.SH,62.31618929128913,62.55178661813942,62.377955635294875,62.47906823071604,36213194
2024-07-19,600276.SH,64.84891873735528,64.81113881622066,64.172761735277,64.57959083318845,28633000
2024-07-22,600276.SH,64.49168470848348,64.71185499632894,64.49473066028398,64.55110120883238,18438621
2024-07-23,600276.SH,65.30451261823123,65.74923619394072,64.85851362852931,65.11990268767508,26703045
2024-07-24,600276.SH,64.0967246441471,64.35064539792818,63.70308135338175,63.83687954693291,42564368
2024-07-25,600276.SH,64.31245481905327,65.14697245341779,63.82448597726709,64.4846510580428,25795109
2024-07-26,600276.SH,64.03505020591415,63.958178554402416,63.81743752442482,63.884783981139336,11809212
2024-07-29,600276.SH,65.10579405047481,65.84016735855683,65.26002559570306,65.30511995193345,4308844
2024-07-30,600276.SH,63.44532412446751,63.8112511155126,62.598923169990016,63.50617360179408,20138491
2024-07-31,600276.SH,61.0734045246111,61.17310705033819,60.904808377688305,61.01758775050433,25248990
2024-08-01,600276.SH,59.01627088474071,59.272313980721414,58.34673854279107,58.97680772675618,8563600
2024-08-02,600276.SH,60.06259544293896,60.43011675793284,60.04280222217443,60.13521862392117,14982778
2024-08-05,600276.SH,59.593000096216656,60.22666746484293,59.113634678258194,59.817195589930236,26019802
2024-08-06,600276.SH,60.02742827637718,60.6439261725004,59.85201042297139,60.031634097698664,3673359
2024-08-07,600276.SH,59.71360655496335,60.00289826332568,59.481544337385586,59.893060954457454,32733671
2024-08-08,600276.SH,61.331084855091355,61.28170593074124,61.07725964796719,61.110557946471744,8928743
2024-08-09,600276.SH,59.43706170324712,59.87175901616014,59.18006579124338,59.595155096487204,45942574
2024-08-12,600276.SH,58.74864124517859,59.123855280962516,58.577406248106676,58.81706460955078,4297340
2024-08-13,600276.SH,58.61077406643643,58.81977714448097,58.30278598215806,58.61653055151624,11276184
2024-08-14,600276.SH,59.128958977016666,59.67447397774384,59.50717404617121,59.54527563718109,34931933
2024-08-15,600276.SH,58.957347622263875,59.3514095750049,58.93831121825677,59.08751586885048,49161863
2024-08-16,600276.SH,59.690403806096,59.69485514298912,59.42782696887105,59.561214572012155,5467030
2024-08-19,600276.SH,60.83478209240925,61.46866275160567,60.40206670092791,60.62635731529385,28999247
2024-08-20,600276.SH,61.009531457883384,60.99123935650223,60.74908685236176,60.95329048227976,41507924
2024-08-21,600276.SH,60.65506953413346,61.0143681974255,60.35508769926684,60.624230695181346,4376412
2024-08-22,600276.SH,61.12687473060997,61.38989296009086,60.65906475643391,61.14186167021099,44275219
2024-08-23,600276.SH,60.86893845971807,61.338551653345654,60.47920626259248,60.96555465929414,40303780
2024-08-26,600276.SH,59.833643886332055,59.94649277225592,59.56749037363485,59.58525302820464,48489488
2024-08-27,600276.SH,59.420002142094816,59.28871613303382,58.822858439591556,59.19851542127964,11263221
2024-08-28,600276.SH,57.74500036718399,58.221213636484286,57.51921807982177,57.90779739814316,11427578
2024-08-29,600276.SH,59.16005728427046,59.43287314770501,58.90207863671433,59.17816775367002,28228874
2024-08-30,600276.SH,58.85162632801173,59.032654076192955,58.380706964728,58.69628051507399,23833152
2024-09-02,600276.SH,56.70307446537496,56.97570221639526,56.43670822044332,56.667680837180825,38960215
2024-09-03,600276.SH,57.20495330965413,57.230448632321725,56.984618622190375,57.16105421003469,47476966
2024-09-04,600276.SH,59.17487012474918,59.27577144070506,58.833069240686775,59.03878982254657,33547602
2024-09-05,600276.SH,58.08009396525754,58.17016855208581,57.78105377282586,58.02000418747848,17279025
2024-09-06,600276.SH,58.658497236779034,60.066419275685206,58.4417768672915,58.82102651159117,18402105
2024-09-09,600276.SH,57.250438288570095,57.23108146120883,56.78298089238143,57.15875614633359,21165435
2024-09-10,600276.SH,56.864449865826224,56.93951610058951,56.21878483218882,56.76591493067092,26559886
2024-09-11,600276.SH,56.76403878442246,57.14927643136823,56.633387054583274,56.73323249708697,48245960
2024-09-12,600276.SH,56.63909639923781,57.20870663245714,56.1652754375415,56.66536798457469,8654590
2024-09-13,600276.SH,57.381464022718106,57.74958911294761,57.149463454105565,57.41843708936975,39394209
2024-09-16,600276.SH,57.715504541641714,58.013517645949506,57.15481196045159,57.92263987912188,12554039
2024-09-17,600276.SH,58.82490036856078,59.034625622496264,58.95411563387691,58.99336495045957,47311049
2024-09-18,600276.SH,59.70318916322941,59.98598084570945,59.60545191863861,59.837984578243905,35137162
2024-09-19,600276.SH,60.963542242026705,61.04509188445791,60.138421623684835,60.602326346093705,7326100
2024-09-20,600276.SH,60.04863867491626,60.183055147910196,59.78314172693843,59.93959521840109,35531774
2024-09-23,600276.SH,59.494661121100684,59.574038686448006,59.2220410397726,59.54944095122695,4274433
2024-09-24,600276.SH,58.67950997640071,58.6293137419128,58.34558756259594,58.527909739844034,18723603
2024-09-25,600276.SH,59.36632956046176,59.685735697691584,58.54953655415887,59.21841870743211,46115184
2024-09-26,600276.SH,60.00644644340385,60.187466088313165,59.71925170312782,60.042339972823534,31700335
2024-09-27,600276.SH,60.582911841674516,60.595122386409805,60.0236439062465,60.42907766394519,34772102
2024-09-30,600276.SH,60.769745802377315,61.273067356493016,60.53826026917779,60.844505089692525,27680451
2024-10-01,600276.SH,58.68656138016472,59.009542713729054,58.60166560531595,58.98516937612731,45893488
2024-10-02,600276.SH,59.6777497383908,60.1728110932696,59.59448593145817,59.72085573246267,41872736
2024-10-03,600276.SH,59.27387651508121,59.47765764248121,58.782788718670545,59.15545952305399,28315131
2024-10-04,600276.SH,60.305239752945425,60.41822368917968,59.28593319512403,59.979276669279336,11536516
2024-10-07,600276.SH,59.66351568101576,60.00795840520843,59.74264329576862,59.98419787984909,12627613
2024-10-08,600276.SH,60.49579885992762,61.01095679996442,60.65675972403468,60.83561200079679,20783955
2024-10-09,600276.SH,60.4549547200334,61.10837747732665,60.433025232523065,60.71822863551092,34529857
2024-10-10,600276.SH,61.167509172923054,61.347707634756176,61.16260000278811,61.27204130667654,42967469
2024-10-11,600276.SH,60.96697168556871,61.03755742633226,60.295944535964885,60.820712028102776,8689130
2024-10-14,600276.SH,62.74103194634375,62.774429497815674,62.22047992746107,62.36976960164831,1600081
2024-10-15,600276.SH,61.72198427891864,62.67504453709682,61.2781582209829,61.46527964489204,32600387
2024-10-16,600276.SH,60.31801693241428,60.978562520419935,60.412887442817464,60.62773627747422,27961038
2024-10-17,600276.SH,59.308999903644526,60.05670838750336,59.22340657119078,59.49791954535324,20513181
2024-10-18,600276.SH,60.256938579037914,60.66990069217631,59.674890815053004,60.09478485508849,31050912
2024-10-21,600276.SH,59.870302664341324,60.44712872313406,59.52468646773878,59.905060180253265,49460917
2024-10-22,600276.SH,59.8094923745749,60.03727720188535,59.635614234205825,59.73459541262998,37025190
2024-10-23,600276.SH,60.53038279094012,61.237438296699835,60.03753481815991,60.644100362154894,14358310
2024-10-24,600276.SH,61.079713083215594,61.452372590487734,60.503758943867524,60.84690307797086,9117273
2024-10-25,600276.SH,61.82068706376699,62.23884412596755,61.87276978715805,61.977534956162415,41506893
2024-10-28,600276.SH,61.68813491501261,61.79042634792873,61.421795777581735,61.73339568046462,7221941
2024-10-29,600276.SH,63.051286367834145,63.66843258058573,63.08312213701794,63.22395734370667,34275621
2024-10-30,600276.SH,63.25890534491081,63.137842949045435,62.72756935296751,63.03627151781269,29652719
2024-10-31,600276.SH,62.859897208095866,63.420822171322456,62.80029517830354,62.98402152608432,18024392
2024-11-01,600276.SH,65.42787822321911,65.46454748782499,64.7020298650443,65.3177440020526,28988152
2024-11-04,600276.SH,64.61299362569535,64.76900003723965,64.12709159977037,64.37670934838565,21373303
2024-11-05,600276.SH,64.83739878192362,64.81004028179323,64.65741007734185,64.80290058536326,44541733
2024-11-06,600276.SH,62.87158171357633,63.28866700797149,62.720961310543466,63.19871111830425,37705062
2024-11-07,600276.SH,63.4708571543683,63.517864871683,62.987158243426514,63.212911920833356,38941220
2024-11-08,600276.SH,62.23846882659358,62.22651391390556,61.80306154671898,62.13904924288269,10600498
2024-11-11,600276.SH,63.78758272091368,63.667549251474966,63.21907793243837,63.55155628041569,12802008
2024-11-12,600276.SH,63.73464656164342,64.11339252284769,63.73316875526012,63.84744376153013,17019986
2024-11-13,600276.SH,63.32714405171639,63.347331796689275,63.05997798999824,63.252203574457674,14945494
2024-11-14,600276.SH,63.53705315495839,63.27401404284787,63.05817532332413,63.08589556094181,49656719
2024-11-15,600276.SH,61.88950875296654,62.363126290086555,61.722671239226855,62.350501744269835,46995621
2024-11-18,600276.SH,63.51070398528718,63.49484598176647,63.292636661838166,63.37729596296191,48612335
2024-11-19,600276.SH,63.09695107441095,63.48771288488302,62.60817476494549,63.107317483008465,46253402
2024-11-20,600276.SH,64.0592497788306,63.843638643781674,63.61044775919812,63.61601121873641,48451679
2024-11-21,600276.SH,64.27258096550372,64.83639324826301,63.97220713632635,63.97863250843997,5352944
2024-11-22,600276.SH,64.28322100172657,64.85633198737364,64.33299499848448,64.48850734534903,7670829
2024-11-25,600276.SH,66.75173627565829,67.30533602191174,66.77010073297653,66.77156598130813,31767218
2024-11-26,600276.SH,65.92238211881757,66.15323514444357,65.42129588587979,66.05493880889193,38736644
2024-11-27,600276.SH,66.0299028048089,66.43395930612998,66.18884255142925,66.25235758123942,40367365
2024-11-28,600276.SH,64.12510956602922,65.04060656575227,63.72831294784811,64.4251184522155,28646263
2024-11-29,600276.SH,64.52410769098952,64.85228655010869,64.43254836979841,64.66593908484789,45949667
2024-12-02,600276.SH,64.56754909436717,64.86957422344571,64.22747388997081,64.39918160503929,46971814
2024-12-03,600276.SH,65.69736701306208,66.40808818706202,65.39352071034031,65.99175737490944,2206516
2024-12-04,600276.SH,66.88803139220315,66.94503427611002,66.43962190442846,66.65928355797426,32205644
2024-12-05,600276.SH,65.29709290913134,66.08712951188149,65.74064980968086,65.7600174824422,10639682
2024-12-06,600276.SH,64.6166561454624,64.99929418112113,64.28177491277334,64.8477941183933,39801049
2024-12-09,600276.SH,66.38760334788044,66.77197182095283,66.01224566458589,66.13327846271952,36052219
2024-12-10,600276.SH,65.73573440952435,65.94759690398996,65.44702225466415,65.56186351690708,39032761
2024-12-11,600276.SH,64.99590422511687,65.1923611566049,64.77425785649531,64.89415555649887,19586564
2024-12-12,600276.SH,64.7813811532839,64.90563654747535,64.5494079899775,64.84991124114656,34403899
2024-12-13,600276.SH,65.4674113423902,65.60302470760817,65.39799099237682,65.46179803794276,25215366
2024-12-16,600276.SH,65.71625273278984,65.37998313525354,64.64821337167069,65.17329708008234,36964393
2024-12-17,600276.SH,65.75207232693907,65.27807744087858,65.25680613781466,65.27765191633924,24693337
2024-12-18,600276.SH,64.98617335919405,65.14877887635126,64.70546607597568,64.80422462528364,7508252
2024-12-19,600276.SH,63.36559416450953,63.40670874686796,62.837172708633545,63.23297800575026,29095687
2024-12-20,600276.SH,61.38452547896223,62.115804250591175,61.27248528499089,61.48655372531786,1603707
2024-12-23,600276.SH,59.61437146976171,60.57481685093682,59.717228568079584,59.772405855238794,10111589
2024-12-24,600276.SH,58.80395362773919,59.091019824348486,58.53818418890591,58.93331135668466,42737670
2024-12-25,600276.SH,58.815413659381186,59.75922614336008,58.92413384271724,59.12165620290114,19880749
2024-12-26,600276.SH,59.613926512363285,60.226901245650865,59.185855260099814,59.55153137635173,48265314
2024-12-27,600276.SH,58.97493832595088,59.435404699840454,58.765037256414345,59.33979601640781,37275308
2024-12-30,600276.SH,61.393050030871606,62.209606570756804,61.189867305324356,61.526659376657776,37282285
2024-12-31,600276.SH,60.65989805627889,61.19981901714444,60.35310459273668,60.97264754096181,27374283
2024-01-02,601398.SH,48.55023193637349,48.52425465458716,48.45138292084999,48.456023609591206,5035699
2024-01-03,601398.SH,47.776396242823154,48.2436235844605,47.742697114421794,48.065477005758474,17300715
2024-01-04,601398.SH,47.03675313795965,47.40413864609179,46.637076418378214,47.23021553276522,9053109
2024-01-05,601398.SH,46.93449498675693,47.51696296090811,47.13764643084252,47.16545599574049,49469047
2024-01-08,601398.SH,46.39268306287041,46.38228846881258,46.116563397393655,46.339585113220444,4345089
2024-01-09,601398.SH,45.854942119685305,46.01873700818562,45.69400810195285,45.85827559264899,30185913
2024-01-10,601398.SH,47.024022508374834,46.730164508664096,46.567820907001234,46.66695693413381,34334658
2024-01-11,601398.SH,46.708410071083975,46.997904221673316,46.223436413427166,46.67518271028294,43881348
2024-01-12,601398.SH,48.413445930158666,48.64827756022859,48.09859451367187,48.21859492515255,4396668
2024-01-15,601398.SH,48.69125292748524,49.29802697019513,48.264197216828585,48.689982893610036,21727565
2024-01-16,601398.SH,49.005365675076,49.60977993652274,49.05920342764787,49.1723208440042,36302543
2024-01-17,601398.SH,47.61778237525303,47.77250822830488,47.06618360329976,47.60917194899989,46846708
2024-01-18,601398.SH,46.59194223229475,46.87511738636887,46.167268192928034,46.28284300729029,34230637
2024-01-19,601398.SH,46.40459168156609,46.437194491875196,45.94700975618938,46.28775478427574,28942882
2024-01-22,601398.SH,46.91055902324834,46.91542923055332,46.794805801590776,46.892813347937995,18516644
2024-01-23,601398.SH,48.051452332489504,48.1018811771039,48.08129561902553,48.100480171043195,17706566
2024-01-24,601398.SH,48.817516746413034,48.900738665831724,48.62986930681633,48.76607618005175,15328258
2024-01-25,601398.SH,49.27146326357214,49.5855468928565,48.776617749564586,49.320548949398734,1474228
2024-01-26,601398.SH,48.83452887973674,48.99729910174121,48.63920273601844,48.79217773835952,20033559
2024-01-29,601398.SH,47.7424810635026,47.981752235813154,47.4293306531881,47.68152266028471,11099201
2024-01-30,601398.SH,47.091268678151856,47.18651497305872,46.615086741502154,47.05788858384921,34289822
2024-01-31,601398.SH,47.483407590300864,47.58331409438806,47.10134975113553,47.35494023529442,11825424
2024-02-01,601398.SH,47.4630650051762,47.897300128357614,47.054833853734316,47.57277856849969,29843398
2024-02-02,601398.SH,48.16206875173911,48.12218902620118,47.75136912717722,48.09850479531311,39959839
2024-02-05,601398.SH,48.855460764986454,49.09342600725748,48.5875262517751,48.786083510774645,5641200
2024-02-06,601398.SH,51.808741468885124,52.17436717468346,51.518222453604935,51.75829598151138,47160070
2024-02-07,601398.SH,50.907418336368856,51.13294093229679,50.43094659225081,50.876729035015,4452634
2024-02-08,601398.SH,50.81480804389364,51.079867290723726,50.52699636524671,50.87010853884275,33154035
2024-02-09,601398.SH,51.006589711818684,51.4947563358955,51.12359384904043,51.15905538747312,40608213
2024-02-12,601398.SH,51.20175235560285,51.424608785419956,50.84279081727403,51.17397336971672,29464457
2024-02-13,601398.SH,52.02470569386345,52.3257755934355,51.87890072516906,52.07376747780932,34868179
2024-02-14,601398.SH,51.82251216228329,52.048436036065596,51.176889778934544,51.85049455368491,18735844
2024-02-15,601398.SH,52.57994618715852,52.940905188029625,52.64139902180966,52.782198896641006,47138671
2024-02-16,601398.SH,52.87316495909932,53.155777451266374,52.45997000388445,52.83866686020755,43662305
2024-02-19,601398.SH,53.44149545176313,53.76600359552623,53.592238142738054,53.67021135540636,16914099
2024-02-20,601398.SH,54.56529645547868,54.78986648856076,54.34193114090992,54.67633661911737,1572665
2024-02-21,601398.SH,54.18930609078808,54.13936461450474,54.07785037101095,54.10938645068105,24857005
2024-02-22,601398.SH,54.943548477300126,55.147773520321294,54.4883221339781,54.956257737671606,21563351
2024-02-23,601398.SH,55.01406010119518,55.18730495353492,55.03301273281626,55.106438353638985,7439414
2024-02-26,601398.SH,55.95098116018288,56.180686218121835,55.58654166211674,55.881088026625704,20834540
2024-02-27,601398.SH,57.40720326439742,57.93961910819259,57.04135604758154,57.27447586133969,37041111
2024-02-28,601398.SH,57.34982124169704,58.280724780762064,57.534276820843175,57.70142133581019,29711790
2024-02-29,601398.SH,57.10830799196925,57.52475949152742,57.093258163911415,57.32018856403689,11246385
2024-03-01,601398.SH,57.66891296825027,57.6026387415866,57.27562668038865,57.523680837618606,21437410
2024-03-04,601398.SH,58.16867253325251,58.18161991725839,57.85443634404347,58.026925869265725,29051296
2024-03-05,601398.SH,58.11223874701681,58.026481895738634,57.74679414067268,58.02359997333869,44266890
2024-03-06,601398.SH,58.418754554823806,58.80817004404474,58.24043573858855,58.56023750792174,1408715
2024-03-07,601398.SH,58.535126649503525,58.67273980085923,57.802099507638985,58.46028661212526,37093157
2024-03-08,601398.SH,58.49643102619255,58.63694218059126,58.34641327577032,58.44055473882247,29943621
2024-03-11,601398.SH,58.27457353682314,58.60422613620805,57.70112553796341,58.48618481451319,19915259
2024-03-12,601398.SH,57.73834332465522,57.69353245784353,57.3904525793488,57.54976623499319,42005142
2024-03-13,601398.SH,57.193561834396675,58.016980012393816,57.39065546821139,57.60221310129886,45502878
2024-03-14,601398.SH,57.7510500460876,58.000600881247216,57.298678494252876,57.6278255520009,35133398
2024-03-15,601398.SH,60.51087278869353,60.67309273160167,60.253188609983944,60.593115592652616,49076658
2024-03-18,601398.SH,61.146447990305084,61.30804993853533,61.129494851601436,61.27389073199415,16380154
2024-03-19,601398.SH,60.90277374009936,61.19233121580944,61.00898679315671,61.15726362616821,39110556
2024-03-20,601398.SH,61.66781962829348,62.09286931575729,61.14749123520403,61.871672775612275,39463606
2024-03-21,601398.SH,62.71921193117581,63.470483862277,62.89327993782283,63.11267256969862,46682300
2024-03-22,601398.SH,63.864284703405524,63.94662177712369,63.67973620309103,63.88734428168282,5949437
2024-03-25,601398.SH,63.932692110927846,64.81521088123746,63.839057992957436,64.21093404138473,5553693
2024-03-26,601398.SH,63.50509164473149,63.60177350796795,63.05218837296737,63.41155452253723,16566150
2024-03-27,601398.SH,63.001357556431905,63.14237937462906,62.88363537370384,62.98176059167231,45326467
2024-03-28,601398.SH,61.987196657811545,62.32336685825629,61.85728423246166,62.08036493025507,25048486
2024-03-29,601398.SH,62.20707486010568,62.474868618406155,62.2656308355484,62.399630194167145,27298457
2024-04-01,601398.SH,61.71119208608424,61.99882166325083,61.37417952428523,61.67249634347988,23655269
2024-04-02,601398.SH,61.831377546250025,61.904705700169124,61.34302723346814,61.79480213220431,8481038
2024-04-03,601398.SH,60.26523778890015,60.665441237961204,60.17285343374034,60.22161481457569,24688237
2024-04-04,601398.SH,60.333257269302365,60.26498646994141,60.13340853271412,60.141369753581586,38852240
2024-04-05,601398.SH,59.78759343266117,59.99250514946842,59.313807224173274,59.829861591562974,9036755
2024-04-08,601398.SH,60.099939296644344,60.08907370149068,58.962896474674146,60.05147691069194,45215145
2024-04-09,601398.SH,60.200513702529285,60.40808633671044,59.79209055176423,60.205996323835684,49978294
2024-04-10,601398.SH,58.298231925734584,58.672442621764034,58.29808332877216,58.332000844186005,41420555
2024-04-11,601398.SH,58.86611178269898,59.337192716606616,58.51213953522866,58.84032190242882,16065311
2024-04-12,601398.SH,56.703787435195316,57.3060434679606,56.599504759570436,56.77551440754964,14608870
2024-04-15,601398.SH,56.68589986645446,57.33655203015109,56.69525949903163,56.91295284252199,4948164
2024-04-16,601398.SH,57.38043240684911,57.57207085394267,57.26243036446179,57.45776464650144,12377941
2024-04-17,601398.SH,57.97233412427948,57.961221906722656,57.84827869231904,57.90394350593581,48986900
2024-04-18,601398.SH,57.85665133135638,57.971422571780835,57.5507278707048,57.60915041158092,45954526
2024-04-19,601398.SH,57.95159119654092,58.206627049090436,58.000416179517345,58.097076772542046,36518938
2024-04-22,601398.SH,56.41666064963667,56.392286172625155,56.123974094567,56.26737160255102,45414363
2024-04-23,601398.SH,55.17638623988659,55.52950557981719,54.719125318032184,55.11657383423165,34258827
2024-04-24,601398.SH,54.01945574848192,54.07382270306285,53.68823284676746,53.84838708589772,33481604
2024-04-25,601398.SH,54.57853670630175,55.33391432713564,54.67322456566265,54.72373926959687,47580680
2024-04-26,601398.SH,55.03845129549969,55.131747778831766,54.83969686012281,55.04937535532947,13958813
2024-04-29,601398.SH,55.17684164057419,55.71001846328838,54.99868706089037,55.33145433559128,1921680
2024-04-30,601398.SH,55.51359455371179,55.644058035730154,55.472674857079404,55.54206203650745,43569654
2024-05-01,601398.SH,55.262167724507776,55.784368500647105,54.88766119368137,55.42866686756219,33520322
2024-05-02,601398.SH,56.23016676271593,56.36524642402088,56.152736650734084,56.32106891869053,17365314
2024-05-03,601398.SH,56.2401900076258,56.64635411336334,56.136870018806114,56.19088710707152,47232166
2024-05-06,601398.SH,55.23584454510896,55.03768270028076,54.70829468532526,54.94754329555243,40769627
2024-05-07,601398.SH,56.58267093273288,56.94449678303386,56.41717611222314,56.554441297473865,48178672
2024-05-08,601398.SH,55.23212854896188,55.48759292932775,55.176714287305494,55.36036570567634,42046594
2024-05-09,601398.SH,55.722656572562016,56.353634438065825,55.66125275608527,56.127898445128935,1729210
2024-05-10,601398.SH,54.7075422478195,55.21236989936133,54.55244500598941,54.938010741477214,39856475
2024-05-13,601398.SH,54.47806959580489,54.695915287492554,54.15828603715445,54.53397540670587,45715855
2024-05-14,601398.SH,55.71724906178711,55.749572436010546,55.346297300740275,55.716165685268194,7739033
2024-05-15,601398.SH,54.8147024311507,54.86736715693988,54.68365378474679,54.72667183684201,41469196
2024-05-16,601398.SH,54.99131007266104,55.32433817424472,54.90074931443904,55.2179696763835,33074894
2024-05-17,601398.SH,54.96978334857705,55.451331808361886,55.00012313344371,55.079597951093426,3264726
2024-05-20,601398.SH,54.971906667030304,54.87424602150155,54.633556903463926,54.78624050429427,27932863
2024-05-21,601398.SH,54.46904534257098,54.99181604279708,54.202654422805715,54.393544788079915,34471955
2024-05-22,601398.SH,55.61208958006721,56.257743482503905,55.36706869057944,55.90847246168362,5093933
2024-05-23,601398.SH,55.334060741731044,55.677659739705135,55.346298330515644,55.43949247964123,16662817
2024-05-24,601398.SH,55.50600678152508,55.5780337673145,55.410204193191035,55.440908154597224,8100699
2024-05-27,601398.SH,55.774090369597545,56.17304669543649,55.76442564098216,55.80724376992604,25383002
2024-05-28,601398.SH,55.86003324279647,56.229245508956446,55.34442542929623,55.81775735567004,12661929
2024-05-29,601398.SH,55.15227788440407,55.739189089695145,54.94036148472515,55.13838527751379,22512916
2024-05-30,601398.SH,57.09411937817645,57.22816983460338,56.87008404029662,56.922306840182344,25580946
2024-05-31,601398.SH,55.6404689331142,55.82926923294773,55.46400519425103,55.505328675583186,16846820
2024-06-03,601398.SH,55.67693385558824,56.28210783414772,55.78995482825858,55.84229017846134,41624791
2024-06-04,601398.SH,56.67469210241843,57.114978996049764,56.697635735168085,56.726897889338076,21944944
2024-06-05,601398.SH,54.60711213492449,54.65203676306131,54.60535338826937,54.61445107063918,35536652
2024-06-06,601398.SH,53.822980876613414,54.29898600707214,53.84690063502818,54.02464828580098,9712560
2024-06-07,601398.SH,53.67727400055047,54.09293949507625,53.68002701368883,53.72406882201782,40055088
2024-06-10,601398.SH,53.741729793673095,53.62347172121914,53.29453638105223,53.47023429620646,38921692
2024-06-11,601398.SH,53.99005898217255,54.49134932219683,53.762975203153935,54.19587072503924,42258943
2024-06-12,601398.SH,52.253549120565616,52.74597369842401,51.94465505123797,52.316531047790825,38323950
2024-06-13,601398.SH,50.931602879709295,51.06352570086024,50.5184242784761,50.80970478904341,43945175
2024-06-14,601398.SH,51.979845400525654,52.25822564315359,52.00782479042466,52.03448055947577,2999178
2024-06-17,601398.SH,52.01870992970598,52.068988050199806,51.416919240681395,52.04148345015478,21920419
2024-06-18,601398.SH,52.10379981603518,52.604627257319,51.56045413688603,52.12803576158276,40090225
2024-06-19,601398.SH,51.22661339086454,51.767915043209726,51.20085269319893,51.35169200191254,32477941
2024-06-20,601398.SH,50.943044407428005,51.27359854449605,50.48993490744563,50.85735623283216,17137021
2024-06-21,601398.SH,50.05541980734034,50.41488159424964,49.84651792656692,50.41358473027865,48305767
2024-06-24,601398.SH,50.546908894861566,50.94790819896818,50.79226886195192,50.89359702679812,47485770
2024-06-25,601398.SH,51.81286786565145,52.12511513871957,51.733968323732384,51.96866630817375,40063588
2024-06-26,601398.SH,51.8543028209943,52.19372379205735,51.55182631890005,51.89773679299468,33176339
2024-06-27,601398.SH,52.17232168895925,52.944237873720866,52.40438363437333,52.482103098487364,34619636
2024-06-28,601398.SH,52.66646173348798,52.882168852483225,52.59442651027504,52.7531681908529,10281474
2024-07-01,601398.SH,54.050036225261145,53.94842378272745,53.526333162896194,53.93293614621852,15431390
2024-07-02,601398.SH,52.94622730304906,53.20052234001731,52.574952165716695,53.071910885229165,15098880
2024-07-03,601398.SH,52.83970966804451,53.35372499389487,53.075114404721795,53.222600829361255,44873630
2024-07-04,601398.SH,52.68017165508,53.38123187603203,52.785784216242654,52.79779240528251,15454061
2024-07-05,601398.SH,53.16610214072105,53.22602757751681,53.0089899464075,53.221265242579804,5224407
2024-07-08,601398.SH,54.87482949447186,55.09605194337358,54.22738216052733,54.91866264329849,40917562
2024-07-09,601398.SH,54.659685585396545,54.78349836808255,53.947524547700276,54.63798012071285,31417930
2024-07-10,601398.SH,54.06655843150223,54.42802839027268,53.80085933582955,54.20958547243389,47733884
2024-07-11,601398.SH,55.07874429631452,55.57510359589878,54.56830713746007,55.10104374587521,30008769
2024-07-12,601398.SH,56.39089444139001,56.60934432652264,56.105072639848984,56.24335750376394,3350961
2024-07-15,601398.SH,55.77704303507988,55.99550331287559,55.87207086120566,55.88999655668208,1016359
2024-07-16,601398.SH,57.344088439012104,58.19895990325917,57.002093819424104,57.44047577737997,21489163
2024-07-17,601398.SH,59.65949563461147,59.8605365449378,59.438174141319905,59.7109844549129,36262556
2024-07-18,601398.SH,59.13828427864825,59.485000577121596,58.80948171039087,59.23811241130066,12084263
2024-07-19,601398.SH,58.57767543146704,58.232188160639986,57.2114906970868,58.133479756155594,37102918
2024-07-22,601398.SH,58.214986269337196,58.873264762727274,58.31707054255558,58.47422129807802,8355049
2024-07-23,601398.SH,58.342111492957535,58.454952692102076,58.153787838350155,58.41822449412103,27095471
2024-07-24,601398.SH,60.32141048696514,60.94746931403576,60.34357649786057,60.54328665572849,6224201
2024-07-25,601398.SH,60.20298586414134,60.41139342236047,60.0941089010452,60.13321433076339,6746942
2024-07-26,601398.SH,61.068998356064995,60.764185272664754,60.378587158921995,60.736033340941,30127570
2024-07-29,601398.SH,61.496939173277205,61.619902065522034,60.34530281595004,61.34822815331249,29332746
2024-07-30,601398.SH,60.23192142083569,60.438866783950466,60.122816565926385,60.24743015778916,26747056
2024-07-31,601398.SH,60.74350880781197,60.697686690977484,60.30418277952216,60.51711651804985,9290184
2024-08-01,601398.SH,58.938356207182025,58.94543473222971,58.35826616139824,58.706346576925625,25441320
2024-08-02,601398.SH,57.86811148052206,58.154318282237256,57.542476033131656,57.65583589889993,34142385
2024-08-05,601398.SH,58.99647102427414,59.23803979771806,57.902676194542096,58.95176797737734,9888191
2024-08-06,601398.SH,58.013300549488456,58.24127742711659,57.97625793746835,58.01645337523066,14646614
2024-08-07,601398.SH,58.3687849921381,58.53523561065651,58.289642576523484,58.30368325932238,19841139
2024-08-08,601398.SH,59.01167259376245,59.279428105998676,58.4647632038094,59.079149193902666,34430073
2024-08-09,601398.SH,60.445960411791155,60.51060538695191,59.56687238329792,60.31804718257582,36544128
2024-08-12,601398.SH,61.77590138658133,62.00840980161445,61.800035308669,61.84950162499256,48107385
2024-08-13,601398.SH,61.08659736365977,61.60361065833372,60.92817325884887,61.385361029762095,7050370
2024-08-14,601398.SH,60.32721447364256,60.93480314636017,60.25635051401558,60.52994861870283,14132754
2024-08-15,601398.SH,60.58820171314686,60.809646932455195,60.25190138241676,60.46628794151086,49509204
2024-08-16,601398.SH,61.13672464698811,61.780501312461126,61.06837791847686,61.276891524969,12860276
2024-08-19,601398.SH,61.14677047782022,61.404891594033415,61.184974542628545,61.379046386744584,37067638
2024-08-20,601398.SH,60.84359600216289,61.570318500235395,60.96095281193819,61.13781755855842,9873428
2024-08-21,601398.SH,60.63302975077087,61.24126428998154,59.92333853228184,60.84332362356023,14682814
2024-08-22,601398.SH,59.92361973731513,60.010120674764025,59.82609902043652,59.97263665601308,9827908
2024-08-23,601398.SH,61.87701840987023,62.51240506314757,61.27934763479989,61.996162462950245,17184008
2024-08-26,601398.SH,59.87920835184987,59.898478273590285,59.589408555427916,59.66498443416077,4327753
2024-08-27,601398.SH,60.33746287884777,60.347890872627836,60.295552720077104,60.29929873931834,36198884
2024-08-28,601398.SH,60.265677612555564,60.41811570617513,59.9885770390911,60.072597755986756,20864294
2024-08-29,601398.SH,59.64229447857158,59.634159482785726,59.57133411709308,59.58902046670853,46037608
2024-08-30,601398.SH,60.274792130009196,60.50335776280112,60.20079760029178,60.40889240319663,5459425
2024-09-02,601398.SH,58.975099929963825,59.046894606651755,58.277200104053605,59.02954448629123,40412479
2024-09-03,601398.SH,58.27918574525384,58.41586230289109,58.05946920722447,58.089436007800366,38251033
2024-09-04,601398.SH,57.02249759499314,56.96946638994797,56.5261250817078,56.877315228393265,43508469
2024-09-05,601398.SH,55.47544371459202,55.72334663942983,54.99290282468265,55.44983078922081,24494866
2024-09-06,601398.SH,54.13996826623379,54.69518693034952,53.69766388128972,54.06004819089101,18421694
2024-09-09,601398.SH,54.85682918060463,55.019510941406715,54.30174390047933,54.9059085823904,32548170
2024-09-10,601398.SH,54.97592280608619,55.184250660308074,54.49252346056449,54.83121766186244,37166578
2024-09-11,601398.SH,54.446398655989555,54.967077735040036,53.52032491376103,54.42258365021422,6656903
2024-09-12,601398.SH,55.29022670422468,55.71077167765822,55.06976944206922,55.24239364809171,21509560
2024-09-13,601398.SH,55.52236395525398,56.04863277782551,55.52450259910053,55.611445321070164,48959753
2024-09-16,601398.SH,55.23464140691724,55.40166621710983,54.5665650648851,55.13769222057373,32525792
2024-09-17,601398.SH,54.97655113090293,55.04412205847937,54.913803844915755,55.042009067066864,34831405
2024-09-18,601398.SH,54.85652866744889,55.19307198464835,54.33828458061649,54.81239803483279,9700615
2024-09-19,601398.SH,54.94265000594492,55.33606161223846,54.72680871090578,54.849346915266125,15749664
2024-09-20,601398.SH,56.48163284258204,56.49514995472649,56.21391958273104,56.47762846850265,13709991
2024-09-23,601398.SH,56.50637464252972,56.909819563522305,56.66089742825231,56.664840806423534,41906531
2024-09-24,601398.SH,55.94426593693261,56.59041199319819,55.922962204210684,56.347340995622865,17695535
2024-09-25,601398.SH,56.506312089680776,56.89069979227437,56.484888482761306,56.54272783892017,3019923
2024-09-26,601398.SH,56.000819043718764,56.43453649025121,55.90867460519977,56.05607016331773,11102783
2024-09-27,601398.SH,56.17315763702084,57.082898354282186,56.10084885112119,56.11973979432663,26163062
2024-09-30,601398.SH,57.89309821904757,58.07186509669547,57.562500012472164,57.957066578518344,1809059
2024-10-01,601398.SH,57.441863745538974,57.725082131792824,56.95884142305297,57.428318427681305,33780064
2024-10-02,601398.SH,56.177939099613134,55.97683671870822,55.45668152198882,55.96505579793383,42796446
2024-10-03,601398.SH,57.29731312418659,58.173907542888955,57.35682250564446,57.42445950240065,39270574
2024-10-04,601398.SH,56.018391410812356,56.20994869262301,55.71135157929825,55.881055613248066,47693998
2024-10-07,601398.SH,57.6425992261052,57.75626741048325,57.30395189540544,57.523028398255164,41039173
2024-10-08,601398.SH,57.79143317250875,57.98609715852203,57.55809510259687,57.82437288354003,40806208
2024-10-09,601398.SH,55.83511903016225,56.236733212956,55.773520300943176,55.84966380552655,32815262
2024-10-10,601398.SH,56.55064690316692,56.96013394803688,56.69430862128341,56.70068292022806,15001444
2024-10-11,601398.SH,56.0992208939166,55.9916985120699,55.56117758622216,55.93562461755675,19500697
2024-10-14,601398.SH,56.038771640356586,56.479847160608735,56.01881263691496,56.26304996723137,35117203
2024-10-15,601398.SH,55.54361781665873,55.910758747186804,55.312223860930885,55.68379274284329,44803966
2024-10-16,601398.SH,53.99702982318679,54.30265359821264,53.55497849479184,54.22156987467367,4104733
2024-10-17,601398.SH,53.594286373041555,53.569702742823374,53.16151902737609,53.306045231610135,34744411
2024-10-18,601398.SH,54.62171410657684,55.024979838965656,54.045996671928215,54.72675416378379,38729961
2024-10-21,601398.SH,54.31336077270952,54.983701400732535,54.2864683970913,54.361194458115946,32159295
2024-10-22,601398.SH,53.987879469350936,54.298308204509915,53.63156193278701,54.267718797834505,14710341
2024-10-23,601398.SH,53.674963881767255,53.96770636097969,53.48034746221182,53.77215758026546,23595249
2024-10-24,601398.SH,54.04618156856823,54.37166477509395,53.445169642326285,54.06288690159515,41079008
2024-10-25,601398.SH,54.08076220442467,54.15208171469687,53.834739386527986,54.054455282872794,5329884
2024-10-28,601398.SH,55.388253468156734,55.47998853170323,55.09624714105312,55.417825653385286,38626022
2024-10-29,601398.SH,54.879079041028405,54.896598345696766,54.863913347150614,54.8759226538452,47412933
2024-10-30,601398.SH,54.55847803298711,55.056180407096534,54.41185682783386,54.803034682990294,8404490
2024-10-31,601398.SH,54.53223315011714,54.98633147151022,54.247851231497286,54.463855056365716,4503473
2024-11-01,601398.SH,53.86600385595211,53.95706368070745,53.33170915261738,53.70830156496014,49242964
2024-11-04,601398.SH,54.01110131209115,54.40094053744203,54.100069375857785,54.21516160830804,13610292
2024-11-05,601398.SH,52.782901143175046,52.84155940997212,52.76956682904718,52.81599453659172,36049721
2024-11-06,601398.SH,53.61953723094029,53.80588997360859,53.35176350804017,53.57992709509273,34031370
2024-11-07,601398.SH,52.826196249325285,52.91734300090483,52.09819449750955,52.68028657819633,5970967
2024-11-08,601398.SH,54.160330184042294,54.88906490458545,53.78182794771453,54.277024722344095,15407051
2024-11-11,601398.SH,54.163481618030865,54.60130770298727,53.82025944864864,54.14270542108925,29232433
2024-11-12,601398.SH,55.181975717268635,55.334667175975255,55.13402149596563,55.26848883466208,21069466
2024-11-13,601398.SH,56.93942557515802,56.90311629623962,56.52308188213227,56.774044067710584,44020420
2024-11-14,601398.SH,55.28479198020081,55.78515054657488,55.07721036802233,55.277245826519646,17565607
2024-11-15,601398.SH,55.38280346813367,55.692355706797926,54.98760922153442,55.21934696891887,21356502
2024-11-18,601398.SH,54.73689391154283,55.216351013834405,54.73435893279114,54.83513407747685,31151360
2024-11-19,601398.SH,54.80852826899736,54.83378853083868,54.40700423115666,54.76688203868455,12555569
2024-11-20,601398.SH,55.96103649825563,56.18139540049622,55.60781499450438,55.999471456206784,28997190
2024-11-21,601398.SH,55.13042599317953,55.95622128181309,55.1230846198483,55.57337271657896,33666265
2024-11-22,601398.SH,56.87994710880253,57.2897949856594,56.29605508039365,57.075041234966015,34552786
2024-11-25,601398.SH,57.09389370295027,57.33990904753476,57.00984293423758,57.043090432433374,13121657
2024-11-26,601398.SH,56.576049140889914,56.830775449574794,56.32274645448067,56.792768850192864,2993778
2024-11-27,601398.SH,58.44647285200619,58.76833365956307,58.48472185834489,58.653706021951,39372087
2024-11-28,601398.SH,57.24461084594566,57.55129494554669,57.049770664208,57.31637416110893,35930245
2024-11-29,601398.SH,56.43368460478847,56.61817318467283,56.37249480339051,56.42784233661325,4180966
2024-12-02,601398.SH,57.50581595429208,57.71892632778904,57.50761031031205,57.67273649002895,13214815
2024-12-03,601398.SH,58.51346151944983,58.49407392135905,58.11042234158679,58.3502886374018,17258240
2024-12-04,601398.SH,57.58067584520226,57.86341261762636,57.598312032521356,57.79255071004232,3832783
2024-12-05,601398.SH,56.999107532199424,57.30350459115181,56.69352272310752,57.140282324472835,26764405
2024-12-06,601398.SH,56.09546648879132,56.76714955697428,55.984331508326456,56.30991772342938,12945820
2024-12-09,601398.SH,56.90593556573744,56.77344450552886,56.60330508590435,56.76003071355541,35284849
2024-12-10,601398.SH,55.70485545698397,56.22164920752935,55.76817101492225,55.998980287735165,35527302
2024-12-11,601398.SH,57.70822027826045,58.109922309972504,57.17204549085236,57.60953866940444,4590172
2024-12-12,601398.SH,55.82259802656828,56.30908373782497,55.546817575499155,56.010383425795965,47630099
2024-12-13,601398.SH,57.54263732120383,57.5640866440533,57.25137204953443,57.293757741725216,39350850
2024-12-16,601398.SH,57.74494068533107,57.94894361588688,57.51247392752101,57.616959070359776,20441478
2024-12-17,601398.SH,58.85499814150909,59.216923087005156,58.84391035025125,58.969313340227934,39366586
2024-12-18,601398.SH,61.30725437279218,61.25085560420567,61.05886800328578,61.15306640518363,13364161
2024-12-19,601398.SH,61.515093006155205,61.66723478348264,61.45580450039069,61.66679524909585,4667316
2024-12-20,601398.SH,64.16462697274581,64.40605982950252,64.31280264425061,64.3182688505448,39258143
2024-12-23,601398.SH,63.90651369332564,63.87090020423819,63.766886639409904,63.84792458530369,25836686
2024-12-24,601398.SH,65.9940867190635,66.1851960508267,65.73605386584278,66.0230756953997,40323764
2024-12-25,601398.SH,67.20850747181457,67.82031170638845,67.24320540111293,67.49142353035606,44558868
2024-12-26,601398.SH,67.17165563651231,67.78608380437174,67.34066306156477,67.35596564160304,25207554
2024-12-27,601398.SH,66.56748786758347,66.13671046242983,65.29644001501326,66.1040627068036,43480081
2024-12-30,601398.SH,64.65212065965078,65.35638278253789,64.24471063387298,64.50162881789223,12221072
2024-12-31,601398.SH,64.08155587552471,64.91574699047146,64.1946450882916,64.23721815399868,39595985
